/*
SQLyog Trial v11.4 (64 bit)
MySQL - 5.6.12-log : Database - feelings
*********************************************************************
*/

/*!40101 SET NAMES utf8 */;

/*!40101 SET SQL_MODE=''*/;

/*!40014 SET @OLD_UNIQUE_CHECKS=@@UNIQUE_CHECKS, UNIQUE_CHECKS=0 */;
/*!40014 SET @OLD_FOREIGN_KEY_CHECKS=@@FOREIGN_KEY_CHECKS, FOREIGN_KEY_CHECKS=0 */;
/*!40101 SET @OLD_SQL_MODE=@@SQL_MODE, SQL_MODE='NO_AUTO_VALUE_ON_ZERO' */;
/*!40111 SET @OLD_SQL_NOTES=@@SQL_NOTES, SQL_NOTES=0 */;
/*Table structure for table `budget` */

DROP TABLE IF EXISTS `budget`;

CREATE TABLE `budget` (
  `budget_id` bigint(30) NOT NULL AUTO_INCREMENT,
  `budget_amt` varchar(30) NOT NULL,
  PRIMARY KEY (`budget_id`)
) ENGINE=InnoDB AUTO_INCREMENT=2 DEFAULT CHARSET=utf8;

/*Data for the table `budget` */

insert  into `budget`(`budget_id`,`budget_amt`) values (0,'Budget'),(1,'100');

/*Table structure for table `cards` */

DROP TABLE IF EXISTS `cards`;

CREATE TABLE `cards` (
  `card_id` bigint(30) NOT NULL AUTO_INCREMENT,
  `card_name` varchar(100) NOT NULL,
  `card_title` text,
  `location` varchar(100) DEFAULT NULL,
  PRIMARY KEY (`card_id`)
) ENGINE=InnoDB AUTO_INCREMENT=11 DEFAULT CHARSET=utf8;

/*Data for the table `cards` */

insert  into `cards`(`card_id`,`card_name`,`card_title`,`location`) values (1,'WEDDING ANNIVERSARIES','CELEBRATION OF ONE OF THE MOST BEAUTIFUL DAY IN A COUPLES LIFE THERE WEDDING DAY<br>\r\nA wedding anniversary is a very important celebration in the life of every couple, <br>\r\nit is a day to commemorate on the most important days in their lives- the wedding day.<br> \r\nThe purpose of a wedding anniversary is to honor the memories of the wedding day. <br>\r\nIt show cases the love and affection which the couples have towards each other regardless of the no of years to their marriage.<br>\r\nWe offer theme base event for you and your family on your Anniversary day.','happy-anniversary-heart-glitter.gif'),(2,'BACHELORS/HENS PARTIES','THE DAY FOR YOU TO GET WILD WITH YOU CLOSE FRIENDS BEFORE YOUR BIG DAY<br>\r\nThe Bachelor/Hens party planning traditionally falls to the Best man/Bridesmaid, <br>\r\nbut it can also be handled by best friends too.<br>\r\nWe at FEELINGS can create one of its kind atmosphere for you and your friends and family members to get along <br>\r\nand be a little wild before you Big Day, with the wildest arrangements.','BACHELORS-HENS PARTIES.jpg'),(3,'BIRTHDAY PARTIES','CELEBRATION OF LIFE AND THANKING EVERY ONE FOR BEEING IN OUR LIVES<br>\r\nBirthday reminds every one about the Genesis, with an empty brain, empty heart, <br>\r\nnot knowing what is right or wrong and not knowing what is happiness or sorrow, what is strength or weakness. <br>\r\nAfter coming to this world we are accommodated by many people we call them family & friends. As we grow elder we are accommodated by more people which becomes a recurring process till death.<br>\r\nEvery year we look forward for this moment to call up on all the people under one roof to thank them for being part of our life, <br>\r\nand spend quality time with them treating them with the best food, dance, drinks, gifts, games etc.<br>\r\nAt FEELINGS we have special Birthday themes for all age group, supported with theme decorations and caterings.','Birthday Cake.jpg'),(4,'DECORATIONS','EVERY OCCASION WILL BE INCOMPLETE WITHOUT THE PERFECT DECORATIONS FOR THE DAY<br>\r\nA Perfect decorations enhances the look and feel of the venue, it brings happiness as it is viewed by the eyes and hits the heart and mind. <br>\r\nSo it really important to have the perfect decorations for the occasion.<br>\r\nAt FEELINGS we do all sorts of decorations to enhance the beauty of your venue, house, vehicles etc.','balloon_wedding_decorations_2.jpg'),(5,'ENGAGEMENTS','THE FIRST STEP INTO A HOLLY MARTAMONY CALLED ENGAGEMENT<br>\r\nIf you have finally met the most special person of your life, the person you respect, adore and with whom you wish to spend the rest of your life. <br>\r\nWe would be more than happy to assist you and your family in creating a spectacular and theme based engagement function for you and your close family members.','Engagement.jpg'),(6,'HOUSE PARTIES','WHEN PARTY IS ON YOUR MIND<br>\r\nOvercrowded pubs, expensive drinks, out of budget dinner packages, safety, and police patrolling on the roads…<br>\r\nthere are enough reasons for people to think of an intimate House Party with close friend instead of a fancy club.<br>\r\nWe at FEELINGS can organize theme based parties for you at your premises, ensuring you don’t miss any elements compared to a fancy club, <br>\r\nwith the best sound & lightings for house parties, exclusive catering, Bartenders, Decorations, etc.','house party image.jpg'),(7,'MAKEUP ARTIST/ STYLIST','A “MUA” IS A PROFESSIONAL ARTIST WHO WOULD SKILLFULLY TRANSFORM THE HUMAN CANVAS INTO THE DESIRED CHARACTER OR APPEARANCE WITHIN AN ALLOTED TIME.<br>\r\nAt FEELINGS we have a team of professional & Skillful “MUA” armed with the latest equipment with the latest technologies would work with you to enhance <br>\r\nyour physical features and create a flawless appearance in you, regardless of the occasion.<br>\r\nWe are equipped to cater to a large audience with all sorts of MUA & Stylist jobs.','Bridal-Make-Up-Artist-gives.jpg'),(8,'SOUND/LIGHTINGS','IT IS WHAT WE EXPERIENCE THROUGH OUR SENSES THAT MAKES LIFE MEANINGFUL. <br>\r\nIN FACT, IT CAN BE SAID THAT WHAT IS EXPERIENCED THROUGH THE SENSES IS LIFE ITSELF.<br>\r\nThe two higher senses, seeing and hearing, are the basic fundamentals of life, they are the basis for all higher human endeavor. <br>\r\nImpressions obtained through these two senses are a much a necessary human nourishments as food & water.<br>\r\nOne every occasion people looks forward to letting their hair down and getting up and dancing to their favorite tracks. <br>\r\nThere’s nothing like getting the whole friends and family together on a special occasion.<br>\r\nThat’s why it’s important to get it right with having a reliable, clear sounding system and lighting that makes people feel like dancing, it adds to the mood and creates a party atmosphere.<br>\r\nAt FEELINGS, our team of Sound & Lighting experts will help you identify and fulfill your requirements for you special occasions.','Sounds and Lightings.jpg'),(9,'WEDDING DRESSES/GOWNS','A WOMAN’S/ MEN’S MOST IMPORTANT PIECE OF CLOTHING WHICH SYMBOLIZE OF THE SPECIAL DAY.<br>\r\nWe at FEELINGS have partnered with creators of exclusive Wedding Dresses & Gowns, regardless of you want to purchase one or you want to rent one, <br>\r\nwe will be able to service you a per your requirements.','Wedding Gowns-2.jpg'),(10,'FEELINGS - WEDDING PLANNERS','OUR METHODOLOGY (C+C+C+C = C 4 YOURSELF)<br>\r\n“MARRIAGES ARE DECIDED IN HEAVEN” and “CELEBRATED ON EARTH”<br>\r\nIf you are ready to celebrate your wedding anywhere on Earth,<br>\r\nwe would be more than happy to assist you and your family in creating a Heavenly wedding on Earth which would be remembered by you and your guests for a life time. <br>\r\nFEELINGS Wedding Planners comes as your personal advisor, <br>FEELINGS Wedding Planner would invest time with you & your family in understanding your needs and further Conceptualizing, Creating, <br>\r\nCoordinating and Completing a spectacular show down which would reflect and showcase your Taste and Style on your Wedding day, <br>with the most delicious and mouth-watering cuisines to the most spectacular theme decorations and management of the entire event from start till the end in a timely manner.','Marriage-Anniversary-HD-Wallpaper-9-600x375.jpg');

/*Table structure for table `city` */

DROP TABLE IF EXISTS `city`;

CREATE TABLE `city` (
  `city_info` varchar(255) DEFAULT NULL,
  `city_code` varchar(5) DEFAULT NULL,
  `city_name` varchar(64) DEFAULT NULL,
  `city_id` bigint(20) NOT NULL AUTO_INCREMENT,
  `country_id` bigint(20) NOT NULL,
  `latitude` double DEFAULT NULL,
  `longitude` double DEFAULT NULL,
  PRIMARY KEY (`city_id`),
  KEY `fk_city_country1` (`country_id`),
  CONSTRAINT `fk_city_country1` FOREIGN KEY (`country_id`) REFERENCES `country` (`country_id`) ON DELETE NO ACTION ON UPDATE NO ACTION
) ENGINE=InnoDB AUTO_INCREMENT=1306 DEFAULT CHARSET=utf8;

/*Data for the table `city` */

insert  into `city`(`city_info`,`city_code`,`city_name`,`city_id`,`country_id`,`latitude`,`longitude`) values (NULL,NULL,'City',0,1,NULL,NULL),(NULL,'AUA','Aruba',1,12,NULL,NULL),(NULL,'TIA','Tirana',2,13,NULL,NULL),(NULL,'AUH','Abu Dhabi ',3,14,NULL,NULL),(NULL,'DXB','Dubai',4,14,NULL,NULL),(NULL,'SSH','Sharjah',5,14,NULL,NULL),(NULL,'BUE','Buenos Aires',6,15,NULL,NULL),(NULL,'YRV','Yerevan',7,16,NULL,NULL),(NULL,'AIA','Antigua ',8,17,NULL,NULL),(NULL,'GRA','Graz',9,18,NULL,NULL),(NULL,'INN','Innsbruck',10,18,NULL,NULL),(NULL,'KAP','Kaprun',11,18,NULL,NULL),(NULL,'KIT','Kitzbuehel',12,18,NULL,NULL),(NULL,'KLA','Klagenfurt',13,18,NULL,NULL),(NULL,'LNZ','Linz',14,18,NULL,NULL),(NULL,'POE','Poertschach am Woerthersee',15,18,NULL,NULL),(NULL,'SEE','Seefeld',16,18,NULL,NULL),(NULL,'SPL','St. Polten',17,18,NULL,NULL),(NULL,'SVT','St. Veit',18,18,NULL,NULL),(NULL,'SZG','Salzburg',19,18,NULL,NULL),(NULL,'VCH','Villach',20,18,NULL,NULL),(NULL,'VIE','Vienna',21,18,NULL,NULL),(NULL,'ZAS','Zell-am-See',22,18,NULL,NULL),(NULL,'ADE','Adelaide',23,19,NULL,NULL),(NULL,'AIB','Airlie Beach',24,19,NULL,NULL),(NULL,'ALS','Alice Springs',25,19,NULL,NULL),(NULL,'BSB','Brisbane',26,19,NULL,NULL),(NULL,'CAA','Canberra',27,19,NULL,NULL),(NULL,'CRN','Cairns',28,19,NULL,NULL),(NULL,'DAW','Darwin',29,19,NULL,NULL),(NULL,'FIA','Fraser Island',30,19,NULL,NULL),(NULL,'GCS','Gold Coast',31,19,NULL,NULL),(NULL,'HUV','Hunter Valley',32,19,NULL,NULL),(NULL,'MEL','Melbourne',33,19,NULL,NULL),(NULL,'MRW','Margaret River Wine Region',34,19,NULL,NULL),(NULL,'PAM','Palm Cove',35,19,NULL,NULL),(NULL,'PEH','Perth',36,19,NULL,NULL),(NULL,'PTI','Port Douglas',37,19,NULL,NULL),(NULL,'SHN','Sunshine Coast',38,19,NULL,NULL),(NULL,'SYD','Sydney',39,19,NULL,NULL),(NULL,'TAS','Tasmania',40,19,NULL,NULL),(NULL,'TWV','Townsville',41,19,NULL,NULL),(NULL,'BAK','Baku',42,20,NULL,NULL),(NULL,'ANT','Antwerp',43,21,NULL,NULL),(NULL,'BRG','Brugge',44,21,NULL,NULL),(NULL,'BRU','Brussels',45,21,NULL,NULL),(NULL,'CRL','Charleroi',46,21,NULL,NULL),(NULL,'GEK','Genk',47,21,NULL,NULL),(NULL,'GNT','Ghent',48,21,NULL,NULL),(NULL,'LEU','Leuven',49,21,NULL,NULL),(NULL,'LIE','Liege',50,21,NULL,NULL),(NULL,'MEC','Mechelen',51,21,NULL,NULL),(NULL,'NAM','Namur',52,21,NULL,NULL),(NULL,'OST','Ostend',53,21,NULL,NULL),(NULL,'WVE','Wavre',54,21,NULL,NULL),(NULL,'MNM','Manama',55,22,NULL,NULL),(NULL,'NAS','Nassau',56,23,NULL,NULL),(NULL,'PID','Paradise Island ',57,23,NULL,NULL),(NULL,'MSQ','Minsk',58,24,NULL,NULL),(NULL,'SVJ','Sarajevo',59,25,NULL,NULL),(NULL,'BME','Belem',60,26,NULL,NULL),(NULL,'BSX','Brasilia',61,26,NULL,NULL),(NULL,'CWB','Curitiba',62,26,NULL,NULL),(NULL,'FDI','Foz do Iguacu',63,26,NULL,NULL),(NULL,'FTZ','Fortaleza',64,26,NULL,NULL),(NULL,'NAT','Natal',65,26,NULL,NULL),(NULL,'PDF','Praia do Forte',66,26,NULL,NULL),(NULL,'RAR','Angra dos Reis',67,26,NULL,NULL),(NULL,'RIO','Rio de Janeiro',68,26,NULL,NULL),(NULL,'SAO','Sao Paulo',69,26,NULL,NULL),(NULL,'SSA','Salvador',70,26,NULL,NULL),(NULL,'BBB','Barbados',71,27,NULL,NULL),(NULL,'BGX','Burgas & South Black Sea Coast',72,28,NULL,NULL),(NULL,'BVE','Borovets',73,28,NULL,NULL),(NULL,'SOF','Sofia',74,28,NULL,NULL),(NULL,'VNA','Varna',75,28,NULL,NULL),(NULL,'MOX','Montreal',76,29,NULL,NULL),(NULL,'MTB','Mont Tremblant',77,29,NULL,NULL),(NULL,'QBC','Quebec City',78,29,NULL,NULL),(NULL,'TRT','Toronto',79,29,NULL,NULL),(NULL,'VCR','Vancouver',80,29,NULL,NULL),(NULL,'YOW','Ottawa',81,29,NULL,NULL),(NULL,'YYC','Calgary',82,29,NULL,NULL),(NULL,'HGZ','Hangzhou',83,30,NULL,NULL),(NULL,'NGB','Ningbo',84,30,NULL,NULL),(NULL,'PEK','Beijing',85,30,NULL,NULL),(NULL,'SHG','Shanghai',86,30,NULL,NULL),(NULL,'SYA','Sanya',87,30,NULL,NULL),(NULL,'SZH','Suzhou',88,30,NULL,NULL),(NULL,'TSN','Tianjin',89,30,NULL,NULL),(NULL,'XIY','Xian',90,30,NULL,NULL),(NULL,'DUV','Dubrovnik',91,31,NULL,NULL),(NULL,'IOB','Island of Brac',92,31,NULL,NULL),(NULL,'OPA','Opatija',93,31,NULL,NULL),(NULL,'SPI','Split',94,31,NULL,NULL),(NULL,'TCR','Trogir',95,31,NULL,NULL),(NULL,'ZAG','Zagreb',96,31,NULL,NULL),(NULL,'VRD','Varadero',97,32,NULL,NULL),(NULL,'CUR','Curacao',98,33,NULL,NULL),(NULL,'AYI','Ayia Napa',99,34,NULL,NULL),(NULL,'LAR','Larnaca',100,34,NULL,NULL),(NULL,'LSS','Limassol',101,34,NULL,NULL),(NULL,'NCS','Nicosia',102,34,NULL,NULL),(NULL,'PAP','Paphos',103,34,NULL,NULL),(NULL,'PRS','Protaras',104,34,NULL,NULL),(NULL,'BNO','Brno',105,35,NULL,NULL),(NULL,'CES','Cesky Krumlov',106,35,NULL,NULL),(NULL,'KAV','Karlovy Vary',107,35,NULL,NULL),(NULL,'MLZ','Marianske Lazne',108,35,NULL,NULL),(NULL,'OLM','Olomouc',109,35,NULL,NULL),(NULL,'OVT','Ostrava',110,35,NULL,NULL),(NULL,'PIL','Pilsen',111,35,NULL,NULL),(NULL,'PRG','Prague',112,35,NULL,NULL),(NULL,'AAL','Aalborg',113,36,NULL,NULL),(NULL,'AAR','Aarhus',114,36,NULL,NULL),(NULL,'CPH','Copenhagen',115,36,NULL,NULL),(NULL,'HSN','Horsens',116,36,NULL,NULL),(NULL,'KLD','Kolding',117,36,NULL,NULL),(NULL,'ODE','Odense',118,36,NULL,NULL),(NULL,'VEJ','Vejle',119,36,NULL,NULL),(NULL,'AEX','Alexandria',120,37,NULL,NULL),(NULL,'ASW','Aswan',121,37,NULL,NULL),(NULL,'CAI','Cairo',122,37,NULL,NULL),(NULL,'HRH','Hurghada',123,37,NULL,NULL),(NULL,'LXR','Luxor',124,37,NULL,NULL),(NULL,'SSE','Sharm El Sheikh',125,37,NULL,NULL),(NULL,'TBF','Taba',126,37,NULL,NULL),(NULL,'TLN','Tallinn',127,38,NULL,NULL),(NULL,'ESP','Espoo',128,39,NULL,NULL),(NULL,'FOS','Forssa',129,39,NULL,NULL),(NULL,'HAE','Hameenlinna',130,39,NULL,NULL),(NULL,'HEL','Helsinki',131,39,NULL,NULL),(NULL,'HYV','Hyvinkaa',132,39,NULL,NULL),(NULL,'IIS','Iisalmi',133,39,NULL,NULL),(NULL,'IKA','Ikaalinen',134,39,NULL,NULL),(NULL,'IMA','Imatra',135,39,NULL,NULL),(NULL,'JOS','Joensuu',136,39,NULL,NULL),(NULL,'JYV','Jyvaskyla',137,39,NULL,NULL),(NULL,'KAJ','Kajaani',138,39,NULL,NULL),(NULL,'KEM','Kemi',139,39,NULL,NULL),(NULL,'KOI','Koli',140,39,NULL,NULL),(NULL,'KOK','Kokkola',141,39,NULL,NULL),(NULL,'KOT','Kotka',142,39,NULL,NULL),(NULL,'KOU','Kouvola',143,39,NULL,NULL),(NULL,'KUO','Kuopio',144,39,NULL,NULL),(NULL,'KUU','Kuusamo',145,39,NULL,NULL),(NULL,'LAH','Lahti',146,39,NULL,NULL),(NULL,'LAP','Lappeenranta',147,39,NULL,NULL),(NULL,'MKL','Mikkeli',148,39,NULL,NULL),(NULL,'NOK','Nokia',149,39,NULL,NULL),(NULL,'OUL','Oulu',150,39,NULL,NULL),(NULL,'POF','Pori',151,39,NULL,NULL),(NULL,'RMA','Rauma',152,39,NULL,NULL),(NULL,'ROI','Rovaniemi',153,39,NULL,NULL),(NULL,'SAF','Salo',154,39,NULL,NULL),(NULL,'SJK','Seinajoki',155,39,NULL,NULL),(NULL,'SOK','Sodankyla',156,39,NULL,NULL),(NULL,'TAH','Tahkovuori',157,39,NULL,NULL),(NULL,'TMP','Tampere',158,39,NULL,NULL),(NULL,'TUK','Turku',159,39,NULL,NULL),(NULL,'VAS','Vaasa',160,39,NULL,NULL),(NULL,'AEP','Aix en Provence',161,4,NULL,NULL),(NULL,'AJC','Ajaccio',162,4,NULL,NULL),(NULL,'AMB','Amboise',163,4,NULL,NULL),(NULL,'AMI','Amiens',164,4,NULL,NULL),(NULL,'ANB','Antibes',165,4,NULL,NULL),(NULL,'ANC','Annecy',166,4,NULL,NULL),(NULL,'ANG','Angers',167,4,NULL,NULL),(NULL,'ANN','Annemasse',168,4,NULL,NULL),(NULL,'ARL','Arles',169,4,NULL,NULL),(NULL,'AVI','Avignon',170,4,NULL,NULL),(NULL,'AXB','Aix-les-Bains',171,4,NULL,NULL),(NULL,'BAY','Bayeux',172,4,NULL,NULL),(NULL,'BBS','Brides-les-Bains',173,4,NULL,NULL),(NULL,'BDX','Bordeaux',174,4,NULL,NULL),(NULL,'BIA','Biarritz',175,4,NULL,NULL),(NULL,'BLI','Blois',176,4,NULL,NULL),(NULL,'BRX','Briancon',177,4,NULL,NULL),(NULL,'BTI','Bastia',178,4,NULL,NULL),(NULL,'BTS','Brest',179,4,NULL,NULL),(NULL,'BYN','Bayonne',180,4,NULL,NULL),(NULL,'CAE','Caen',181,4,NULL,NULL),(NULL,'CHA','Chartres',182,4,NULL,NULL),(NULL,'CHT','Chantilly',183,4,NULL,NULL),(NULL,'CHX','Chamonix',184,4,NULL,NULL),(NULL,'CHY','Chambery',185,4,NULL,NULL),(NULL,'CLR','Clermont-Ferrand',186,4,NULL,NULL),(NULL,'CLS','Calais',187,4,NULL,NULL),(NULL,'CLV','Calvi',188,4,NULL,NULL),(NULL,'CMR','Colmar',189,4,NULL,NULL),(NULL,'CNN','Cannes',190,4,NULL,NULL),(NULL,'CRC','Carcassonne',191,4,NULL,NULL),(NULL,'DEA','Deauville',192,4,NULL,NULL),(NULL,'DIJ','Dijon',193,4,NULL,NULL),(NULL,'DLB','Divonne-les-Bains',194,4,NULL,NULL),(NULL,'DND','Dinard',195,4,NULL,NULL),(NULL,'EVI','Evian-les-Bains',196,4,NULL,NULL),(NULL,'EZE','Eze',197,4,NULL,NULL),(NULL,'FJU','Frejus',198,4,NULL,NULL),(NULL,'FVO','Ferney-Voltaire',199,4,NULL,NULL),(NULL,'GRN','Grenoble',200,4,NULL,NULL),(NULL,'HON','Honfleur',201,4,NULL,NULL),(NULL,'ILA','Isola 2000',202,4,NULL,NULL),(NULL,'LBA','La Baule ',203,4,NULL,NULL),(NULL,'LEH','Le Havre',204,4,NULL,NULL),(NULL,'LIL','Lille',205,4,NULL,NULL),(NULL,'LOU','Lourdes',206,4,NULL,NULL),(NULL,'LRO','La Rochelle',207,4,NULL,NULL),(NULL,'LRT','Lorient',208,4,NULL,NULL),(NULL,'LYO','Lyon',209,4,NULL,NULL),(NULL,'MEG','Megeve',210,4,NULL,NULL),(NULL,'MEN','Menton',211,4,NULL,NULL),(NULL,'MET','Metz',212,4,NULL,NULL),(NULL,'MMS','Mont St Michel',213,4,NULL,NULL),(NULL,'MON','Montpellier',214,4,NULL,NULL),(NULL,'MRS','Marseille',215,4,NULL,NULL),(NULL,'MUL','Mulhouse',216,4,NULL,NULL),(NULL,'NAN','Nancy',217,4,NULL,NULL),(NULL,'NCE','Nice',218,4,NULL,NULL),(NULL,'NIM','Nimes',219,4,NULL,NULL),(NULL,'NNT','Nantes',220,4,NULL,NULL),(NULL,'ORL','Orleans',221,4,NULL,NULL),(NULL,'PAR','Paris',222,4,NULL,NULL),(NULL,'POI','Poitiers',223,4,NULL,NULL),(NULL,'QUI','Quimper',224,4,NULL,NULL),(NULL,'REI','Reims',225,4,NULL,NULL),(NULL,'REN','Rennes',226,4,NULL,NULL),(NULL,'ROV','Rouen',227,4,NULL,NULL),(NULL,'SAM','Saint-Malo',228,4,NULL,NULL),(NULL,'SBG','Strasbourg',229,4,NULL,NULL),(NULL,'SIO','Saint-Emilion',230,4,NULL,NULL),(NULL,'SJC','Saint-Jean-Cap-Ferrat',231,4,NULL,NULL),(NULL,'SMR','Saumur',232,4,NULL,NULL),(NULL,'SNA','Saint-Nazaire',233,4,NULL,NULL),(NULL,'SPA','Sophia Antipolis',234,4,NULL,NULL),(NULL,'STZ','Saint-Tropez',235,4,NULL,NULL),(NULL,'TON','Toulon',236,4,NULL,NULL),(NULL,'TOU','Toulouse',237,4,NULL,NULL),(NULL,'TRS','Tours',238,4,NULL,NULL),(NULL,'VNS','Vannes',239,4,NULL,NULL),(NULL,'TBI','Tbilisi',240,41,NULL,NULL),(NULL,'AAC','Aachen',241,42,NULL,NULL),(NULL,'AUG','Augsburg',242,42,NULL,NULL),(NULL,'BBA','Baden-Baden',243,42,NULL,NULL),(NULL,'BCG','Berchtesgaden',244,42,NULL,NULL),(NULL,'BER','Berlin',245,42,NULL,NULL),(NULL,'BHG','Braunschweig',246,42,NULL,NULL),(NULL,'BON','Bonn',247,42,NULL,NULL),(NULL,'BRE','Bremen',248,42,NULL,NULL),(NULL,'BRH','Bad Reichenhall',249,42,NULL,NULL),(NULL,'CGN','Cologne',250,42,NULL,NULL),(NULL,'DRE','Dresden',251,42,NULL,NULL),(NULL,'DTW','Dortmund',252,42,NULL,NULL),(NULL,'DUS','Dusseldorf',253,42,NULL,NULL),(NULL,'ERF','Erfurt',254,42,NULL,NULL),(NULL,'ESS','Essen',255,42,NULL,NULL),(NULL,'FDT','Freudenstadt',256,42,NULL,NULL),(NULL,'FRA','Frankfurt',257,42,NULL,NULL),(NULL,'FRE','Freiburg',258,42,NULL,NULL),(NULL,'FRI','Friedrichshafen',259,42,NULL,NULL),(NULL,'FUS','Fuessen',260,42,NULL,NULL),(NULL,'GRE','Gera',261,42,NULL,NULL),(NULL,'HAM','Hamburg',262,42,NULL,NULL),(NULL,'HAN','Hannover',263,42,NULL,NULL),(NULL,'HEI','Heidelberg',264,42,NULL,NULL),(NULL,'HPE','Halle',265,42,NULL,NULL),(NULL,'KIE','Kiel',266,42,NULL,NULL),(NULL,'KRS','Karlsruhe',267,42,NULL,NULL),(NULL,'LDU','Lindau (Lake Constance)',268,42,NULL,NULL),(NULL,'LEV','Leverkusen',269,42,NULL,NULL),(NULL,'LPZ','Leipzig',270,42,NULL,NULL),(NULL,'LUE','Luebeck',271,42,NULL,NULL),(NULL,'MAB','Magdeburg',272,42,NULL,NULL),(NULL,'MCH','Monchengladbach',273,42,NULL,NULL),(NULL,'MNH','Mannheim',274,42,NULL,NULL),(NULL,'MNZ','Mainz',275,42,NULL,NULL),(NULL,'MUC','Munich',276,42,NULL,NULL),(NULL,'MUN','Muenster',277,42,NULL,NULL),(NULL,'NUE','Nuremberg',278,42,NULL,NULL),(NULL,'OBS','Oberhausen',279,42,NULL,NULL),(NULL,'PAS','Passau',280,42,NULL,NULL),(NULL,'RKO','Rostock',281,42,NULL,NULL),(NULL,'ROT','Rothenburg ob der Tauber',282,42,NULL,NULL),(NULL,'SCH','Schwerin',283,42,NULL,NULL),(NULL,'STT','Stuttgart',284,42,NULL,NULL),(NULL,'TRI','Trier',285,42,NULL,NULL),(NULL,'WEI','Weimar',286,42,NULL,NULL),(NULL,'WFE','Wolfsburg',287,42,NULL,NULL),(NULL,'WIE','Wiesbaden',288,42,NULL,NULL),(NULL,'WRZ','Wuerzburg',289,42,NULL,NULL),(NULL,'ZWM','Wismar',290,42,NULL,NULL),(NULL,'GIB','Gibraltar',291,43,NULL,NULL),(NULL,'GNA','Grenada',292,44,NULL,NULL),(NULL,'ATH','Athens',293,45,NULL,NULL),(NULL,'AXD','Alexandroupolis',294,45,NULL,NULL),(NULL,'CIO','Chios',295,45,NULL,NULL),(NULL,'CNT','Corinthos',296,45,NULL,NULL),(NULL,'CRF','Corfu',297,45,NULL,NULL),(NULL,'CRT','Crete',298,45,NULL,NULL),(NULL,'HKD','Halkidiki',299,45,NULL,NULL),(NULL,'JSS','Spetses',300,45,NULL,NULL),(NULL,'KLX','Kalamata',301,45,NULL,NULL),(NULL,'KSG','Kos',302,45,NULL,NULL),(NULL,'LNS','Lemnos',303,45,NULL,NULL),(NULL,'LRA','Larissa',304,45,NULL,NULL),(NULL,'MYK','Mykonos',305,45,NULL,NULL),(NULL,'NAX','Naxos',306,45,NULL,NULL),(NULL,'OIS','Ios',307,45,NULL,NULL),(NULL,'PAG','Paros',308,45,NULL,NULL),(NULL,'PLS','Pylos',309,45,NULL,NULL),(NULL,'RHO','Rhodes',310,45,NULL,NULL),(NULL,'SKA','Skiathos',311,45,NULL,NULL),(NULL,'SKG','Thessaloniki',312,45,NULL,NULL),(NULL,'SMI','Samos',313,45,NULL,NULL),(NULL,'SNI','Santorini',314,45,NULL,NULL),(NULL,'THS','Thassos',315,45,NULL,NULL),(NULL,'VSL','Volos',316,45,NULL,NULL),(NULL,'HKG','Hong Kong',317,46,NULL,NULL),(NULL,'BUD','Budapest',318,47,NULL,NULL),(NULL,'GYO','Gyor',319,47,NULL,NULL),(NULL,'LAB','Lake Balaton',320,47,NULL,NULL),(NULL,'AKU','Akureyri',321,48,NULL,NULL),(NULL,'BOE','Borgarnes',322,48,NULL,NULL),(NULL,'EGI','Egilsstadir',323,48,NULL,NULL),(NULL,'FLU','Fludir',324,48,NULL,NULL),(NULL,'HVA','Hvalfjordur',325,48,NULL,NULL),(NULL,'KEF','Keflavik',326,48,NULL,NULL),(NULL,'KRK','Kirkjubaejarkaustur',327,48,NULL,NULL),(NULL,'MYV','Myvatn',328,48,NULL,NULL),(NULL,'REY','Reykjavik',329,48,NULL,NULL),(NULL,'SLS','Selfoss',330,48,NULL,NULL),(NULL,'BXL','Bali',331,49,NULL,NULL),(NULL,'LOP','Lombok',332,49,NULL,NULL),(NULL,'AGR','Agra',333,2,NULL,NULL),(NULL,'AHM','Ahmedabad',334,2,NULL,NULL),(NULL,'BLR','Bangalore',335,2,NULL,NULL),(NULL,'BOM','Mumbai',336,2,NULL,NULL),(NULL,'CCU','Kolkata',337,2,NULL,NULL),(NULL,'CNI','Chennai',338,2,NULL,NULL),(NULL,'DEL','New Delhi',339,2,NULL,NULL),(NULL,'GOA','Goa',340,2,NULL,NULL),(NULL,'HYB','Hyderabad',341,2,NULL,NULL),(NULL,'JAI','Jaipur',342,2,NULL,NULL),(NULL,'NGP','Nagpur',343,2,NULL,NULL),(NULL,'PUN','Pune',344,2,NULL,NULL),(NULL,'SHI','Shimla',345,2,NULL,NULL),(NULL,'ATE','Athlone',346,51,NULL,NULL),(NULL,'CCV','Co. Cavan',347,51,NULL,NULL),(NULL,'COL','Co. Leitrim',348,51,NULL,NULL),(NULL,'COM','Co. Mayo',349,51,NULL,NULL),(NULL,'COR','Cork',350,51,NULL,NULL),(NULL,'COW','Co. Wexford',351,51,NULL,NULL),(NULL,'CUF','Co. Offaly',352,51,NULL,NULL),(NULL,'DOG','Co. Donegal',353,51,NULL,NULL),(NULL,'DUB','Dublin',354,51,NULL,NULL),(NULL,'GAL','Galway',355,51,NULL,NULL),(NULL,'KEE','Kenmare',356,51,NULL,NULL),(NULL,'KIL','Killarney',357,51,NULL,NULL),(NULL,'LIM','Limerick',358,51,NULL,NULL),(NULL,'RSC','Co. Roscommon',359,51,NULL,NULL),(NULL,'SLG','Sligo',360,51,NULL,NULL),(NULL,'TRL','Tralee',361,51,NULL,NULL),(NULL,'WAT','Waterford',362,51,NULL,NULL),(NULL,'DED','Dead Sea',363,52,NULL,NULL),(NULL,'EIL','Eilat',364,52,NULL,NULL),(NULL,'JRS','Jerusalem',365,52,NULL,NULL),(NULL,'TIB','Tiberias',366,52,NULL,NULL),(NULL,'TLV','Tel Aviv',367,52,NULL,NULL),(NULL,'ABO','Alberobello',368,53,NULL,NULL),(NULL,'AGG','Agrigento',369,53,NULL,NULL),(NULL,'ALH','Sardinia- Alghero',370,53,NULL,NULL),(NULL,'AMA','Amalfi - Ravello',371,53,NULL,NULL),(NULL,'ANA','Ancona',372,53,NULL,NULL),(NULL,'ASS','Assisi',373,53,NULL,NULL),(NULL,'AZZ','Arezzo',374,53,NULL,NULL),(NULL,'BAI','Bari',375,53,NULL,NULL),(NULL,'BCA','Brescia',376,53,NULL,NULL),(NULL,'BEG','Bergamo',377,53,NULL,NULL),(NULL,'BLQ','Bologna',378,53,NULL,NULL),(NULL,'BOZ','Bolzano',379,53,NULL,NULL),(NULL,'BRP','Brindisi',380,53,NULL,NULL),(NULL,'CBX','Calabria',381,53,NULL,NULL),(NULL,'CGI','Sardinia- Cagliari',382,53,NULL,NULL),(NULL,'CMO','Lake Como',383,53,NULL,NULL),(NULL,'CPR','Capri Island',384,53,NULL,NULL),(NULL,'CQT','Cinque Terre',385,53,NULL,NULL),(NULL,'CSA','Caserta',386,53,NULL,NULL),(NULL,'CSD','Sardinia- Costa Smeralda',387,53,NULL,NULL),(NULL,'CTN','Catania',388,53,NULL,NULL),(NULL,'FIU','Fiuggi',389,53,NULL,NULL),(NULL,'FLI','Forli',390,53,NULL,NULL),(NULL,'FLR','Florence',391,53,NULL,NULL),(NULL,'FOD','Ischia Island',392,53,NULL,NULL),(NULL,'FOM','Forte dei Marmi',393,53,NULL,NULL),(NULL,'GAS','Sardinia- Gulf of Asinara',394,53,NULL,NULL),(NULL,'GEN','Genoa',395,53,NULL,NULL),(NULL,'GSS','Grosseto',396,53,NULL,NULL),(NULL,'GUB','Gubbio',397,53,NULL,NULL),(NULL,'HCE','Chieti',398,53,NULL,NULL),(NULL,'ISD','Elba Island',399,53,NULL,NULL),(NULL,'LAK','Lake Garda',400,53,NULL,NULL),(NULL,'LCC','Lucca',401,53,NULL,NULL),(NULL,'LCE','Lecce',402,53,NULL,NULL),(NULL,'LKM','Lake Maggiore',403,53,NULL,NULL),(NULL,'MES','Messina',404,53,NULL,NULL),(NULL,'MIL','Milan',405,53,NULL,NULL),(NULL,'MOD','Modena',406,53,NULL,NULL),(NULL,'MTI','Montecatini Terme',407,53,NULL,NULL),(NULL,'MTV','Mantova',408,53,NULL,NULL),(NULL,'NAP','Naples & Pompei',409,53,NULL,NULL),(NULL,'OLB','Sardinia- Olbia',410,53,NULL,NULL),(NULL,'ORI','Sardinia- Oristano',411,53,NULL,NULL),(NULL,'ORV','Orvieto',412,53,NULL,NULL),(NULL,'OTR','Otranto',413,53,NULL,NULL),(NULL,'PAD','Padua',414,53,NULL,NULL),(NULL,'PEA','Pesaro',415,53,NULL,NULL),(NULL,'PLM','Palermo',416,53,NULL,NULL),(NULL,'PMA','Parma',417,53,NULL,NULL),(NULL,'POS','Positano',418,53,NULL,NULL),(NULL,'PSA','Pisa',419,53,NULL,NULL),(NULL,'PTF','Portofino & Rapallo',420,53,NULL,NULL),(NULL,'PTO','Prato',421,53,NULL,NULL),(NULL,'PUG','Perugia',422,53,NULL,NULL),(NULL,'RAV','Ravenna',423,53,NULL,NULL),(NULL,'RCN','Riccione',424,53,NULL,NULL),(NULL,'RGG','Reggio Emilia',425,53,NULL,NULL),(NULL,'RIM','Rimini',426,53,NULL,NULL),(NULL,'ROM','Rome',427,53,NULL,NULL),(NULL,'SAE','Salerno - Cilento',428,53,NULL,NULL),(NULL,'SAV','Savona',429,53,NULL,NULL),(NULL,'SEA','Sardinia- Santa Teresa Gallura',430,53,NULL,NULL),(NULL,'SER','Sanremo',431,53,NULL,NULL),(NULL,'SIE','Siena',432,53,NULL,NULL),(NULL,'SIR','Syracuse',433,53,NULL,NULL),(NULL,'SNX','Sardinia- Nuoro',434,53,NULL,NULL),(NULL,'SOR','Sorrento',435,53,NULL,NULL),(NULL,'SSP','Sardinia- San Pietro Island',436,53,NULL,NULL),(NULL,'TAO','Taormina',437,53,NULL,NULL),(NULL,'TRE','Trento',438,53,NULL,NULL),(NULL,'TRP','Trapani',439,53,NULL,NULL),(NULL,'TRV','Treviso',440,53,NULL,NULL),(NULL,'TST','Trieste',441,53,NULL,NULL),(NULL,'TUR','Turin',442,53,NULL,NULL),(NULL,'ULY','Ulysses Riviera',443,53,NULL,NULL),(NULL,'URB','Urbino',444,53,NULL,NULL),(NULL,'VAG','Viareggio',445,53,NULL,NULL),(NULL,'VCE','Venice',446,53,NULL,NULL),(NULL,'VER','Verona',447,53,NULL,NULL),(NULL,'VIN','Vicenza',448,53,NULL,NULL),(NULL,'FMT','Falmouth',449,54,NULL,NULL),(NULL,'MBJ','Montego Bay',450,54,NULL,NULL),(NULL,'NEG','Negril',451,54,NULL,NULL),(NULL,'OCJ','Ocho Rios ',452,54,NULL,NULL),(NULL,'RNW','Runaway Bay',453,54,NULL,NULL),(NULL,'AMM','Amman',454,55,NULL,NULL),(NULL,'AQJ','Aqaba',455,55,NULL,NULL),(NULL,'DSJ','Dead Sea',456,55,NULL,NULL),(NULL,'PTA','Petra',457,55,NULL,NULL),(NULL,'FUK','Fukuoka',458,9,NULL,NULL),(NULL,'NAG','Nagoya',459,9,NULL,NULL),(NULL,'NRT','Narita',460,9,NULL,NULL),(NULL,'OKA','Okinawa',461,9,NULL,NULL),(NULL,'OSA','Osaka',462,9,NULL,NULL),(NULL,'SPK','Sapporo',463,9,NULL,NULL),(NULL,'TOK','Tokyo',464,9,NULL,NULL),(NULL,'UKY','Kyoto',465,9,NULL,NULL),(NULL,'ATS','Astana',466,57,NULL,NULL),(NULL,'PNH','Phnom Penh',467,58,NULL,NULL),(NULL,'REP','Siem Reap',468,58,NULL,NULL),(NULL,'SUL','Seoul',469,59,NULL,NULL),(NULL,'LPJ','Liepaja',470,60,NULL,NULL),(NULL,'RIG','Riga',471,60,NULL,NULL),(NULL,'BEY','Beirut',472,61,NULL,NULL),(NULL,'SLC','St Lucia',473,62,NULL,NULL),(NULL,'DRK','Druskininkai',474,63,NULL,NULL),(NULL,'KNS','Kaunas',475,63,NULL,NULL),(NULL,'KPD','Klaipeda',476,63,NULL,NULL),(NULL,'MJP','Marijampole',477,63,NULL,NULL),(NULL,'VLS','Vilnius',478,63,NULL,NULL),(NULL,'LUX','Luxembourg',479,64,NULL,NULL),(NULL,'MCU','Macau',480,65,NULL,NULL),(NULL,'AGA','Agadir',481,66,NULL,NULL),(NULL,'CAS','Casablanca',482,66,NULL,NULL),(NULL,'ESU','Essaouira',483,66,NULL,NULL),(NULL,'MKH','Marrakech',484,66,NULL,NULL),(NULL,'RBA','Rabat',485,66,NULL,NULL),(NULL,'CNU','Cancun',486,68,NULL,NULL),(NULL,'GDL','Guadalajara',487,68,NULL,NULL),(NULL,'LCS','Los Cabos',488,68,NULL,NULL),(NULL,'MEX','Mexico City',489,68,NULL,NULL),(NULL,'MRD','Merida',490,68,NULL,NULL),(NULL,'PVR','Puerto Vallarta',491,68,NULL,NULL),(NULL,'RVM','Riviera Maya',492,68,NULL,NULL),(NULL,'ATT','Attard',493,69,NULL,NULL),(NULL,'BUB','Bugibba',494,69,NULL,NULL),(NULL,'GOL','Golden Bay',495,69,NULL,NULL),(NULL,'GOZ','Gozo',496,69,NULL,NULL),(NULL,'MEH','Mellieha',497,69,NULL,NULL),(NULL,'QAW','Qawra',498,69,NULL,NULL),(NULL,'SJL','St. Julians',499,69,NULL,NULL),(NULL,'SLM','Sliema',500,69,NULL,NULL),(NULL,'SPU','St. Pauls Bay',501,69,NULL,NULL),(NULL,'VLT','Valletta',502,69,NULL,NULL),(NULL,'CIS','Chisinau',503,70,NULL,NULL),(NULL,'MCA','Monte Carlo',504,71,NULL,NULL),(NULL,'BDV','Budva',505,72,NULL,NULL),(NULL,'HCG','Herceg Novi',506,72,NULL,NULL),(NULL,'MRU','Mauritius',507,73,NULL,NULL),(NULL,'IHP','Ipoh',508,74,NULL,NULL),(NULL,'KLP','Kuala Lumpur',509,74,NULL,NULL),(NULL,'KTK','Kota Kinabalu (Borneo)',510,74,NULL,NULL),(NULL,'LGK','Langkawi',511,74,NULL,NULL),(NULL,'MLK','Melaka',512,74,NULL,NULL),(NULL,'PNG','Penang',513,74,NULL,NULL),(NULL,'SDK','Sandakan (Borneo)',514,74,NULL,NULL),(NULL,'AMS','Amsterdam',515,75,NULL,NULL),(NULL,'DLF','Delft',516,75,NULL,NULL),(NULL,'EIN','Eindhoven',517,75,NULL,NULL),(NULL,'HAG','The Hague',518,75,NULL,NULL),(NULL,'HOO','Hoofddorp',519,75,NULL,NULL),(NULL,'LED','Leiden',520,75,NULL,NULL),(NULL,'MAA','Maastricht',521,75,NULL,NULL),(NULL,'RTH','Rotterdam',522,75,NULL,NULL),(NULL,'UTR','Utrecht',523,75,NULL,NULL),(NULL,'AUC','Auckland',524,76,NULL,NULL),(NULL,'BEJ','Bay of Islands ',525,76,NULL,NULL),(NULL,'CSR','Christchurch',526,76,NULL,NULL),(NULL,'DUI','Dunedin',527,76,NULL,NULL),(NULL,'QNT','Queenstown',528,76,NULL,NULL),(NULL,'RTR','Rotorua',529,76,NULL,NULL),(NULL,'TUO','Lake Taupo ',530,76,NULL,NULL),(NULL,'WLG','Wellington ',531,76,NULL,NULL),(NULL,'ALT','Alta',532,77,NULL,NULL),(NULL,'ALU','Alesund',533,77,NULL,NULL),(NULL,'ALX','Al',534,77,NULL,NULL),(NULL,'ARA','Arendal',535,77,NULL,NULL),(NULL,'ASG','Asgardstrand',536,77,NULL,NULL),(NULL,'BGO','Bergen',537,77,NULL,NULL),(NULL,'BNS','Bronnoysund',538,77,NULL,NULL),(NULL,'BOD','Bodo',539,77,NULL,NULL),(NULL,'GJO','Gjovik',540,77,NULL,NULL),(NULL,'HMM','Hammerfest',541,77,NULL,NULL),(NULL,'HMR','Hamar',542,77,NULL,NULL),(NULL,'HRS','Harstad',543,77,NULL,NULL),(NULL,'KRN','Kristiansand',544,77,NULL,NULL),(NULL,'MOL','Molde',545,77,NULL,NULL),(NULL,'NRS','Noresund ',546,77,NULL,NULL),(NULL,'OSL','Oslo',547,77,NULL,NULL),(NULL,'SAD','Sandnes',548,77,NULL,NULL),(NULL,'SKI','Skien',549,77,NULL,NULL),(NULL,'SKP','Skeikampen',550,77,NULL,NULL),(NULL,'STA','Stavanger',551,77,NULL,NULL),(NULL,'TOB','Tonsberg',552,77,NULL,NULL),(NULL,'TRH','Trondheim',553,77,NULL,NULL),(NULL,'TRM','Tromso',554,77,NULL,NULL),(NULL,'MCT','Muscat',555,78,NULL,NULL),(NULL,'GDK','Gdansk',556,79,NULL,NULL),(NULL,'GDY','Gdynia',557,79,NULL,NULL),(NULL,'KAT','Katowice',558,79,NULL,NULL),(NULL,'KRA','Krakow',559,79,NULL,NULL),(NULL,'LOD','Lodz',560,79,NULL,NULL),(NULL,'MDZ','Miedzyzdroje',561,79,NULL,NULL),(NULL,'POZ','Poznan',562,79,NULL,NULL),(NULL,'STP','Sopot',563,79,NULL,NULL),(NULL,'SZC','Szczecin',564,79,NULL,NULL),(NULL,'TPN','Torun',565,79,NULL,NULL),(NULL,'WAR','Warsaw',566,79,NULL,NULL),(NULL,'WRO','Wroclaw',567,79,NULL,NULL),(NULL,'ALA','Algarve',568,80,NULL,NULL),(NULL,'AZO','Azores Islands',569,80,NULL,NULL),(NULL,'BRR','Braga',570,80,NULL,NULL),(NULL,'COI','Coimbra',571,80,NULL,NULL),(NULL,'CSC','Cascais',572,80,NULL,NULL),(NULL,'EST','Estoril',573,80,NULL,NULL),(NULL,'EVO','Evora',574,80,NULL,NULL),(NULL,'FAT','Fatima',575,80,NULL,NULL),(NULL,'LIS','Lisbon',576,80,NULL,NULL),(NULL,'MDI','Madeira',577,80,NULL,NULL),(NULL,'OBI','Obidos',578,80,NULL,NULL),(NULL,'POO','Porto',579,80,NULL,NULL),(NULL,'PXO','Porto Santo',580,80,NULL,NULL),(NULL,'SIA','Sintra',581,80,NULL,NULL),(NULL,'SIM','Sesimbra',582,80,NULL,NULL),(NULL,'SUB','Setubal',583,80,NULL,NULL),(NULL,'SJU','San Juan',584,81,NULL,NULL),(NULL,'DOH','Doha',585,82,NULL,NULL),(NULL,'BUC','Bucharest',586,83,NULL,NULL),(NULL,'CNA','Constanta',587,83,NULL,NULL),(NULL,'OAD','Oradea',588,83,NULL,NULL),(NULL,'SBU','Sibiu',589,83,NULL,NULL),(NULL,'TIM','Timisoara',590,83,NULL,NULL),(NULL,'EKA','Ekaterinburg',591,84,NULL,NULL),(NULL,'KAZ','Kazan',592,84,NULL,NULL),(NULL,'MOS','Moscow',593,84,NULL,NULL),(NULL,'SOC','Sochi',594,84,NULL,NULL),(NULL,'STB','St. Petersburg',595,84,NULL,NULL),(NULL,'VDK','Vladivostok',596,84,NULL,NULL),(NULL,'JED','Jeddah',597,85,NULL,NULL),(NULL,'BGD','Belgrade',598,86,NULL,NULL),(NULL,'SIN','Singapore',599,87,NULL,NULL),(NULL,'BRV','Bratislava',600,88,NULL,NULL),(NULL,'VYS','High Tatras',601,88,NULL,NULL),(NULL,'LBH','Lake Bohinj',602,89,NULL,NULL),(NULL,'LJJ','Ljubljana',603,89,NULL,NULL),(NULL,'PZZ','Portoroz',604,89,NULL,NULL),(NULL,'ALI','Alicante',605,7,NULL,NULL),(NULL,'ALR','Almeria',606,7,NULL,NULL),(NULL,'AVS','Aviles',607,7,NULL,NULL),(NULL,'BAD','Badajoz',608,7,NULL,NULL),(NULL,'BCN','Barcelona',609,7,NULL,NULL),(NULL,'BIO','Bilbao',610,7,NULL,NULL),(NULL,'BND','Benidorm',611,7,NULL,NULL),(NULL,'BUR','Burgos',612,7,NULL,NULL),(NULL,'CAC','Caceres',613,7,NULL,NULL),(NULL,'CAZ','Cadiz',614,7,NULL,NULL),(NULL,'CDL','Cadiz - Costa de la Luz',615,7,NULL,NULL),(NULL,'CIU','Ciudad Real',616,7,NULL,NULL),(NULL,'CST','Castellon',617,7,NULL,NULL),(NULL,'FUE','Fuerteventura',618,7,NULL,NULL),(NULL,'GIJ','Gijon',619,7,NULL,NULL),(NULL,'GIR','Girona',620,7,NULL,NULL),(NULL,'GNC','Gran Canaria',621,7,NULL,NULL),(NULL,'GRX','Granada',622,7,NULL,NULL),(NULL,'HSC','Huesca',623,7,NULL,NULL),(NULL,'HUE','Huelva',624,7,NULL,NULL),(NULL,'IBZ','Ibiza',625,7,NULL,NULL),(NULL,'JEZ','Jerez de la Frontera',626,7,NULL,NULL),(NULL,'LAC','La Coruna',627,7,NULL,NULL),(NULL,'LAN','Lanzarote',628,7,NULL,NULL),(NULL,'LEO','Leon',629,7,NULL,NULL),(NULL,'LLE','Lerida',630,7,NULL,NULL),(NULL,'LLO','Lloret De Mar',631,7,NULL,NULL),(NULL,'MAD','Madrid',632,7,NULL,NULL),(NULL,'MAJ','Majorca',633,7,NULL,NULL),(NULL,'MAL','Malaga',634,7,NULL,NULL),(NULL,'MBL','Marbella',635,7,NULL,NULL),(NULL,'MIN','Menorca',636,7,NULL,NULL),(NULL,'MRC','Murcia',637,7,NULL,NULL),(NULL,'ODB','Cordoba',638,7,NULL,NULL),(NULL,'OVI','Oviedo',639,7,NULL,NULL),(NULL,'PAL','La Palma',640,7,NULL,NULL),(NULL,'PDA','Platja d\'Aro',641,7,NULL,NULL),(NULL,'PIN','Pineda de Mar',642,7,NULL,NULL),(NULL,'PMP','Pamplona',643,7,NULL,NULL),(NULL,'PVD','Pontevedra',644,7,NULL,NULL),(NULL,'RJL','Logrono',645,7,NULL,NULL),(NULL,'SAA','Salamanca',646,7,NULL,NULL),(NULL,'SDC','Santiago de Compostela',647,7,NULL,NULL),(NULL,'SDE','Sabadell',648,7,NULL,NULL),(NULL,'SIT','Sitges',649,7,NULL,NULL),(NULL,'SLU','Salou',650,7,NULL,NULL),(NULL,'SSB','San Sebastian',651,7,NULL,NULL),(NULL,'STD','Santander',652,7,NULL,NULL),(NULL,'SUS','Santa Susana',653,7,NULL,NULL),(NULL,'SVQ','Seville',654,7,NULL,NULL),(NULL,'TFE','Tenerife',655,7,NULL,NULL),(NULL,'TGG','Tarragona',656,7,NULL,NULL),(NULL,'TOL','Toledo',657,7,NULL,NULL),(NULL,'TOR','Torremolinos',658,7,NULL,NULL),(NULL,'TOS','Tossa de Mar',659,7,NULL,NULL),(NULL,'VAL','Valencia',660,7,NULL,NULL),(NULL,'VIR','Vitoria',661,7,NULL,NULL),(NULL,'VLD','Valladolid',662,7,NULL,NULL),(NULL,'ZAZ','Zaragoza',663,7,NULL,NULL),(NULL,'ZMO','Zamora',664,7,NULL,NULL),(NULL,'GOT','Gothenburg',665,10,NULL,NULL),(NULL,'HLG','Helsingborg',666,10,NULL,NULL),(NULL,'JON','Jonkoping',667,10,NULL,NULL),(NULL,'KAL','Kalmar',668,10,NULL,NULL),(NULL,'KRL','Karlstad',669,10,NULL,NULL),(NULL,'LUL','Lulea',670,10,NULL,NULL),(NULL,'MMX','Malmo',671,10,NULL,NULL),(NULL,'NKK','Norrkoping',672,10,NULL,NULL),(NULL,'ORE','Orebro',673,10,NULL,NULL),(NULL,'STO','Stockholm',674,10,NULL,NULL),(NULL,'UME','Umea',675,10,NULL,NULL),(NULL,'UPP','Uppsala',676,10,NULL,NULL),(NULL,'ARO','Arosa',677,92,NULL,NULL),(NULL,'BNE','Bern',678,92,NULL,NULL),(NULL,'BSL','Basel',679,92,NULL,NULL),(NULL,'DAV','Davos',680,92,NULL,NULL),(NULL,'ENG','Engelberg',681,92,NULL,NULL),(NULL,'FRB','Fribourg',682,92,NULL,NULL),(NULL,'GRD','Grindelwald',683,92,NULL,NULL),(NULL,'GTD','Gstaad',684,92,NULL,NULL),(NULL,'GVA','Geneva',685,92,NULL,NULL),(NULL,'ITK','Interlaken',686,92,NULL,NULL),(NULL,'LAU','Lausanne',687,92,NULL,NULL),(NULL,'LCR','Locarno',688,92,NULL,NULL),(NULL,'LGN','Lugano',689,92,NULL,NULL),(NULL,'LKB','Leukerbad',690,92,NULL,NULL),(NULL,'LUC','Lucerne',691,92,NULL,NULL),(NULL,'MTX','Montreux',692,92,NULL,NULL),(NULL,'SFE','Saas-Fee',693,92,NULL,NULL),(NULL,'SGA','St. Gallen',694,92,NULL,NULL),(NULL,'STM','St Moritz',695,92,NULL,NULL),(NULL,'WEN','Wengen',696,92,NULL,NULL),(NULL,'ZER','Zermatt',697,92,NULL,NULL),(NULL,'ZRH','Zurich',698,92,NULL,NULL),(NULL,'BKK','Bangkok',699,93,NULL,NULL),(NULL,'CNX','Chiang Mai',700,93,NULL,NULL),(NULL,'CRA','Chiang Rai',701,93,NULL,NULL),(NULL,'HKT','Phuket',702,93,NULL,NULL),(NULL,'HUA','Hua Hin',703,93,NULL,NULL),(NULL,'KBI','Krabi',704,93,NULL,NULL),(NULL,'KOC','Koh Chang',705,93,NULL,NULL),(NULL,'KOH','Koh Samui',706,93,NULL,NULL),(NULL,'KPG','Koh Phangan',707,93,NULL,NULL),(NULL,'PTY','Pattaya',708,93,NULL,NULL),(NULL,'ADA','Adana',709,94,NULL,NULL),(NULL,'ANK','Ankara',710,94,NULL,NULL),(NULL,'ATK','Altinkum',711,94,NULL,NULL),(NULL,'ATY','Antalya',712,94,NULL,NULL),(NULL,'BDR','Bodrum',713,94,NULL,NULL),(NULL,'BTZ','Bursa',714,94,NULL,NULL),(NULL,'CKK','Canakkale',715,94,NULL,NULL),(NULL,'CPD','Cappadocia',716,94,NULL,NULL),(NULL,'DLM','Dalaman',717,94,NULL,NULL),(NULL,'DNZ','Denizli',718,94,NULL,NULL),(NULL,'FET','Fethiye',719,94,NULL,NULL),(NULL,'GZP','Gaziantep',720,94,NULL,NULL),(NULL,'HYA','Hatay',721,94,NULL,NULL),(NULL,'IST','Istanbul',722,94,NULL,NULL),(NULL,'IZR','Izmir',723,94,NULL,NULL),(NULL,'KSD','Kusadasi',724,94,NULL,NULL),(NULL,'KUY','Kutahya',725,94,NULL,NULL),(NULL,'KYO','Konya',726,94,NULL,NULL),(NULL,'MIS','Marmaris',727,94,NULL,NULL),(NULL,'TPE','Taipei',728,95,NULL,NULL),(NULL,'ABD','Aberdeen',729,8,NULL,NULL),(NULL,'ABE','Aberfoyle',730,8,NULL,NULL),(NULL,'ARU','Arundel',731,8,NULL,NULL),(NULL,'ASH','Ashford',732,8,NULL,NULL),(NULL,'AST','Ascot',733,8,NULL,NULL),(NULL,'AVM','Aviemore',734,8,NULL,NULL),(NULL,'AYB','Aylesbury',735,8,NULL,NULL),(NULL,'AYR','Ayr',736,8,NULL,NULL),(NULL,'BAN','Banbury',737,8,NULL,NULL),(NULL,'BAS','Basingstoke',738,8,NULL,NULL),(NULL,'BAT','Bath',739,8,NULL,NULL),(NULL,'BEL','Belfast',740,8,NULL,NULL),(NULL,'BFD','Bedford',741,8,NULL,NULL),(NULL,'BIR','Birmingham',742,8,NULL,NULL),(NULL,'BKN','Bracknell',743,8,NULL,NULL),(NULL,'BLA','Blackpool',744,8,NULL,NULL),(NULL,'BLB','Blackburn',745,8,NULL,NULL),(NULL,'BOH','Bournemouth',746,8,NULL,NULL),(NULL,'BOL','Bolton',747,8,NULL,NULL),(NULL,'BRD','Bradford',748,8,NULL,NULL),(NULL,'BRI','Brighton',749,8,NULL,NULL),(NULL,'BRS','Bristol',750,8,NULL,NULL),(NULL,'BSD','Basildon',751,8,NULL,NULL),(NULL,'BUT','Burton-Upon-Trent',752,8,NULL,NULL),(NULL,'BUX','Buxton',753,8,NULL,NULL),(NULL,'BYG','Ballygally',754,8,NULL,NULL),(NULL,'CAM','Cambridge',755,8,NULL,NULL),(NULL,'CDF','Cardiff',756,8,NULL,NULL),(NULL,'CHE','Chester',757,8,NULL,NULL),(NULL,'CHM','Chatham',758,8,NULL,NULL),(NULL,'CLT','Cheltenham',759,8,NULL,NULL),(NULL,'COV','Coventry',760,8,NULL,NULL),(NULL,'CTW','Cotswolds',761,8,NULL,NULL),(NULL,'CTY','Canterbury',762,8,NULL,NULL),(NULL,'DER','Derby',763,8,NULL,NULL),(NULL,'DKG','Dorking',764,8,NULL,NULL),(NULL,'DOV','Dover',765,8,NULL,NULL),(NULL,'DUN','Dundee',766,8,NULL,NULL),(NULL,'DUR','Durham',767,8,NULL,NULL),(NULL,'DVY','Daventry',768,8,NULL,NULL),(NULL,'EAB','Eastbourne',769,8,NULL,NULL),(NULL,'EDI','Edinburgh',770,8,NULL,NULL),(NULL,'EKB','East Kilbride',771,8,NULL,NULL),(NULL,'ENI','Enniskillen',772,8,NULL,NULL),(NULL,'EXE','Exeter',773,8,NULL,NULL),(NULL,'FAB','Farnborough',774,8,NULL,NULL),(NULL,'FAK','Falkirk',775,8,NULL,NULL),(NULL,'FAL','Falmouth',776,8,NULL,NULL),(NULL,'FLK','Folkestone',777,8,NULL,NULL),(NULL,'FRN','Farnham',778,8,NULL,NULL),(NULL,'FTW','Fort William',779,8,NULL,NULL),(NULL,'GLA','Glasgow',780,8,NULL,NULL),(NULL,'GLO','Gloucester',781,8,NULL,NULL),(NULL,'GUI','Guildford',782,8,NULL,NULL),(NULL,'HAR','Harrogate',783,8,NULL,NULL),(NULL,'HAT','Hatfield',784,8,NULL,NULL),(NULL,'HGW','High Wycombe',785,8,NULL,NULL),(NULL,'HHE','Hemel Hempstead',786,8,NULL,NULL),(NULL,'HIN','Hinckley',787,8,NULL,NULL),(NULL,'HLE','Hale',788,8,NULL,NULL),(NULL,'HUL','Hull',789,8,NULL,NULL),(NULL,'HYD','Haydock',790,8,NULL,NULL),(NULL,'INV','Inverness',791,8,NULL,NULL),(NULL,'IOM','Isle of Man',792,8,NULL,NULL),(NULL,'IPS','Ipswich',793,8,NULL,NULL),(NULL,'IRR','Isle of Arran',794,8,NULL,NULL),(NULL,'JES','Jersey',795,8,NULL,NULL),(NULL,'KID','Kidderminster',796,8,NULL,NULL),(NULL,'LCA','Lancaster',797,8,NULL,NULL),(NULL,'LDN','Londonderry',798,8,NULL,NULL),(NULL,'LDS','Leeds',799,8,NULL,NULL),(NULL,'LEI','Leicester',800,8,NULL,NULL),(NULL,'LGW','London Gatwick Airport',801,8,NULL,NULL),(NULL,'LHR','London Heathrow Airport',802,8,NULL,NULL),(NULL,'LIN','Lincoln',803,8,NULL,NULL),(NULL,'LIV','Liverpool',804,8,NULL,NULL),(NULL,'LKD','Lake District',805,8,NULL,NULL),(NULL,'LLA','Llandudno',806,8,NULL,NULL),(NULL,'LMT','Lymington',807,8,NULL,NULL),(NULL,'LOC','Lochinver',808,8,NULL,NULL),(NULL,'LON','London',809,8,NULL,NULL),(NULL,'LUT','Luton',810,8,NULL,NULL),(NULL,'LVS','Livingston',811,8,NULL,NULL),(NULL,'MAI','Maidstone',812,8,NULL,NULL),(NULL,'MAN','Manchester',813,8,NULL,NULL),(NULL,'MCB','Morecambe',814,8,NULL,NULL),(NULL,'MCC','Macclesfield',815,8,NULL,NULL),(NULL,'MDD','Middlesbrough',816,8,NULL,NULL),(NULL,'MKB','Market Bosworth',817,8,NULL,NULL),(NULL,'MKE','Milton Keynes',818,8,NULL,NULL),(NULL,'NBY','Newbury',819,8,NULL,NULL),(NULL,'NEP','Newport (Wales)',820,8,NULL,NULL),(NULL,'NEQ','Newquay',821,8,NULL,NULL),(NULL,'NEW','Newcastle-Upon-Tyne',822,8,NULL,NULL),(NULL,'NHM','Northampton',823,8,NULL,NULL),(NULL,'NOT','Nottingham',824,8,NULL,NULL),(NULL,'NRC','Norwich',825,8,NULL,NULL),(NULL,'OXF','Oxford',826,8,NULL,NULL),(NULL,'PEE','Peebles',827,8,NULL,NULL),(NULL,'PLY','Plymouth',828,8,NULL,NULL),(NULL,'PRT','Portsmouth',829,8,NULL,NULL),(NULL,'PST','Preston',830,8,NULL,NULL),(NULL,'PTH','Perth',831,8,NULL,NULL),(NULL,'RAN','Rannoch Moor',832,8,NULL,NULL),(NULL,'RCH','Rochdale',833,8,NULL,NULL),(NULL,'RDG','Reading',834,8,NULL,NULL),(NULL,'SAB','St Albans',835,8,NULL,NULL),(NULL,'SAL','Salisbury',836,8,NULL,NULL),(NULL,'SAW','St Andrews',837,8,NULL,NULL),(NULL,'SBH','Scarborough',838,8,NULL,NULL),(NULL,'SHF','Sheffield',839,8,NULL,NULL),(NULL,'SNT','Staines',840,8,NULL,NULL),(NULL,'SOT','Stoke-on-Trent',841,8,NULL,NULL),(NULL,'SPT','Southport',842,8,NULL,NULL),(NULL,'STC','Stockport',843,8,NULL,NULL),(NULL,'STE','London Stansted Airport',844,8,NULL,NULL),(NULL,'STF','Stratford-upon-Avon',845,8,NULL,NULL),(NULL,'STL','Stirling',846,8,NULL,NULL),(NULL,'STN','Southampton',847,8,NULL,NULL),(NULL,'STV','Stevenage',848,8,NULL,NULL),(NULL,'SWI','Swindon',849,8,NULL,NULL),(NULL,'SWS','Swansea',850,8,NULL,NULL),(NULL,'TAU','Taunton',851,8,NULL,NULL),(NULL,'TQY','Torquay',852,8,NULL,NULL),(NULL,'TRN','Troon',853,8,NULL,NULL),(NULL,'TUN','Tunbridge Wells',854,8,NULL,NULL),(NULL,'TWK','Tewkesbury',855,8,NULL,NULL),(NULL,'WCH','Winchester',856,8,NULL,NULL),(NULL,'WCK','Warwick',857,8,NULL,NULL),(NULL,'WHC','Whitchurch',858,8,NULL,NULL),(NULL,'WIG','Wigan',859,8,NULL,NULL),(NULL,'WIN','Windsor',860,8,NULL,NULL),(NULL,'WKN','Woking',861,8,NULL,NULL),(NULL,'WOL','Wolverhampton',862,8,NULL,NULL),(NULL,'WRR','Warrington',863,8,NULL,NULL),(NULL,'WTF','Watford',864,8,NULL,NULL),(NULL,'YOR','York',865,8,NULL,NULL),(NULL,'DSK','Donetsk',866,97,NULL,NULL),(NULL,'KHV','Kharkiv',867,97,NULL,NULL),(NULL,'KIV','Kiev',868,97,NULL,NULL),(NULL,'LVI','Lviv',869,97,NULL,NULL),(NULL,'ODS','Odessa',870,97,NULL,NULL),(NULL,'MVD','Montevideo',871,98,NULL,NULL),(NULL,'BOS','Boston (MA)',872,3,NULL,NULL),(NULL,'CHI','Chicago (IL)',873,3,NULL,NULL),(NULL,'CWT','Clearwater (FL)',874,3,NULL,NULL),(NULL,'DCA','Washington DC',875,3,NULL,NULL),(NULL,'EYW','Florida Keys (FL)',876,3,NULL,NULL),(NULL,'FLL','Fort Lauderdale (FL)',877,3,NULL,NULL),(NULL,'HNL','Honolulu (HI)',878,3,NULL,NULL),(NULL,'HUR','Huntington Beach (CA)',879,3,NULL,NULL),(NULL,'JCY','Jersey City (NJ)',880,3,NULL,NULL),(NULL,'LAS','Las Vegas (NV)',881,3,NULL,NULL),(NULL,'LAX','Los Angeles (CA)',882,3,NULL,NULL),(NULL,'LGB','Long Beach (CA)',883,3,NULL,NULL),(NULL,'MAU','Maui (HI)',884,3,NULL,NULL),(NULL,'MIA','Miami (FL)',885,3,NULL,NULL),(NULL,'NBG','New Orleans (LA)',886,3,NULL,NULL),(NULL,'NPB','Newport Beach (CA)',887,3,NULL,NULL),(NULL,'NPL','Naples (FL)',888,3,NULL,NULL),(NULL,'NYC','New York (NY)',889,3,NULL,NULL),(NULL,'ORO','Orlando (FL)',890,3,NULL,NULL),(NULL,'PHL','Philadelphia (PA)',891,3,NULL,NULL),(NULL,'SCJ','San Jose (CA)',892,3,NULL,NULL),(NULL,'SDU','San Diego (CA)',893,3,NULL,NULL),(NULL,'SFO','San Francisco (CA)',894,3,NULL,NULL),(NULL,'SPR','St Petersburg (FL)',895,3,NULL,NULL),(NULL,'SST','Seattle (WA)',896,3,NULL,NULL),(NULL,'TPA','Tampa (FL)',897,3,NULL,NULL),(NULL,'WTY','West Point (NY)',898,3,NULL,NULL),(NULL,'DAD','Da Nang',899,101,NULL,NULL),(NULL,'HNI','Hanoi',900,101,NULL,NULL),(NULL,'SGN','Ho Chi Minh ',901,101,NULL,NULL),(NULL,'CPT','Cape Town',902,102,NULL,NULL),(NULL,'JHB','Johannesburg',903,102,NULL,NULL),(NULL,NULL,'Adoni',1046,2,NULL,NULL),(NULL,NULL,'Ahmednagar',1047,2,NULL,NULL),(NULL,NULL,'Ajmer',1048,2,NULL,NULL),(NULL,NULL,'Akola',1049,2,NULL,NULL),(NULL,NULL,'Alchi',1050,2,NULL,NULL),(NULL,NULL,'Alibaugh',1051,2,NULL,NULL),(NULL,NULL,'Allahabad',1052,2,NULL,NULL),(NULL,NULL,'Alleppey',1053,2,NULL,NULL),(NULL,NULL,'Almora',1054,2,NULL,NULL),(NULL,NULL,'Alsisar',1055,2,NULL,NULL),(NULL,NULL,'Alwar',1056,2,NULL,NULL),(NULL,NULL,'Amla',1057,2,NULL,NULL),(NULL,NULL,'Amritsar',1058,2,NULL,NULL),(NULL,NULL,'Anand',1059,2,NULL,NULL),(NULL,NULL,'Auli',1060,2,NULL,NULL),(NULL,NULL,'Aurangabad',1061,2,NULL,NULL),(NULL,NULL,'Bambora',1062,2,NULL,NULL),(NULL,NULL,'Badami',1063,2,NULL,NULL),(NULL,NULL,'Badrinath',1064,2,NULL,NULL),(NULL,NULL,'Balrampur',1065,2,NULL,NULL),(NULL,NULL,'Bandhavgarh',1066,2,NULL,NULL),(NULL,NULL,'Bandipur',1067,2,NULL,NULL),(NULL,NULL,'Bassi',1068,2,NULL,NULL),(NULL,NULL,'Betalghat',1069,2,NULL,NULL),(NULL,NULL,'Bhalukpong',1070,2,NULL,NULL),(NULL,NULL,'Bharatpur',1071,2,NULL,NULL),(NULL,NULL,'Bhavnagar',1072,2,NULL,NULL),(NULL,NULL,'Bhimtal',1073,2,NULL,NULL),(NULL,NULL,'Bhopal',1074,2,NULL,NULL),(NULL,NULL,'Bhubaneshwar',1075,2,NULL,NULL),(NULL,NULL,'Bhuj',1076,2,NULL,NULL),(NULL,NULL,'Bikaner',1077,2,NULL,NULL),(NULL,NULL,'Bomdila',1078,2,NULL,NULL),(NULL,NULL,'Binsar',1079,2,NULL,NULL),(NULL,NULL,'Calicut',1080,2,NULL,NULL),(NULL,NULL,'Chail',1081,2,NULL,NULL),(NULL,NULL,'Chalsa',1082,2,NULL,NULL),(NULL,NULL,'Chamba',1083,2,NULL,NULL),(NULL,NULL,'Chandigarh',1084,2,NULL,NULL),(NULL,NULL,'Chickmagalur',1085,2,NULL,NULL),(NULL,NULL,'Chiplun',1086,2,NULL,NULL),(NULL,NULL,'Chittorgarh',1087,2,NULL,NULL),(NULL,NULL,'Cochin',1088,2,NULL,NULL),(NULL,NULL,'Coimbatore',1089,2,NULL,NULL),(NULL,NULL,'Coonoor',1090,2,NULL,NULL),(NULL,NULL,'Coorg',1091,2,NULL,NULL),(NULL,NULL,'Corbett',1092,2,NULL,NULL),(NULL,NULL,'Cuddalore',1093,2,NULL,NULL),(NULL,NULL,'Dalhousie',1094,2,NULL,NULL),(NULL,NULL,'Daman',1095,2,NULL,NULL),(NULL,NULL,'Dandeli',1096,2,NULL,NULL),(NULL,NULL,'Darjeeling',1097,2,NULL,NULL),(NULL,NULL,'Dausa',1098,2,NULL,NULL),(NULL,NULL,'Dehradun',1099,2,NULL,NULL),(NULL,NULL,'Deogarh',1100,2,NULL,NULL),(NULL,NULL,'Deshkit',1101,2,NULL,NULL),(NULL,NULL,'Dhar',1102,2,NULL,NULL),(NULL,NULL,'Dharamshala',1103,2,NULL,NULL),(NULL,NULL,'Dibrugarh',1104,2,NULL,NULL),(NULL,NULL,'Diu',1105,2,NULL,NULL),(NULL,NULL,'Dooars',1106,2,NULL,NULL),(NULL,NULL,'Dungarpur',1107,2,NULL,NULL),(NULL,NULL,'Durgapur',1108,2,NULL,NULL),(NULL,NULL,'Dwarka',1109,2,NULL,NULL),(NULL,NULL,'Faridabad',1110,2,NULL,NULL),(NULL,NULL,'Gandhinagar',1111,2,NULL,NULL),(NULL,NULL,'Gangotri',1112,2,NULL,NULL),(NULL,NULL,'Gangtok',1113,2,NULL,NULL),(NULL,NULL,'Ganpatipule',1114,2,NULL,NULL),(NULL,NULL,'Garhmukteshwar',1115,2,NULL,NULL),(NULL,NULL,'Gaya',1116,2,NULL,NULL),(NULL,NULL,'Ghaziabad',1117,2,NULL,NULL),(NULL,NULL,'Gokarna',1118,2,NULL,NULL),(NULL,NULL,'Gondal',1119,2,NULL,NULL),(NULL,NULL,'Gopalpur',1120,2,NULL,NULL),(NULL,NULL,'Gulmarg',1121,2,NULL,NULL),(NULL,NULL,'Gurgaon',1122,2,NULL,NULL),(NULL,NULL,'Guruvayoor',1123,2,NULL,NULL),(NULL,NULL,'Guwahati',1124,2,NULL,NULL),(NULL,NULL,'Gwalior',1125,2,NULL,NULL),(NULL,NULL,'Hansi',1126,2,NULL,NULL),(NULL,NULL,'Haridwar',1127,2,NULL,NULL),(NULL,NULL,'Hassan',1128,2,NULL,NULL),(NULL,NULL,'Idukki',1129,2,NULL,NULL),(NULL,NULL,'Imphal',1130,2,NULL,NULL),(NULL,NULL,'Indore',1131,2,NULL,NULL),(NULL,NULL,'Jabalpur',1132,2,NULL,NULL),(NULL,NULL,'Jaisalmer',1133,2,NULL,NULL),(NULL,NULL,'Jaisamand',1134,2,NULL,NULL),(NULL,NULL,'Jalandhar',1135,2,NULL,NULL),(NULL,NULL,'Jammu',1136,2,NULL,NULL),(NULL,NULL,'Jamnagar',1137,2,NULL,NULL),(NULL,NULL,'Jamshedpur',1138,2,NULL,NULL),(NULL,NULL,'Jhansi',1139,2,NULL,NULL),(NULL,NULL,'Jodhpur',1140,2,NULL,NULL),(NULL,NULL,'Jorhat',1141,2,NULL,NULL),(NULL,NULL,'Junagadh',1142,2,NULL,NULL),(NULL,NULL,'Kabini',1143,2,NULL,NULL),(NULL,NULL,'Kalimpong',1144,2,NULL,NULL),(NULL,NULL,'Kanchipuram',1145,2,NULL,NULL),(NULL,NULL,'Kanha',1146,2,NULL,NULL),(NULL,NULL,'Kanyakumari',1147,2,NULL,NULL),(NULL,NULL,'Kanpur',1148,2,NULL,NULL),(NULL,NULL,'Kasauli',1149,2,NULL,NULL),(NULL,NULL,'Karauli',1150,2,NULL,NULL),(NULL,NULL,'Kargil',1151,2,NULL,NULL),(NULL,NULL,'Katra',1152,2,NULL,NULL),(NULL,NULL,'Kasauni',1153,2,NULL,NULL),(NULL,NULL,'Kaziranga',1154,2,NULL,NULL),(NULL,NULL,'Kedarnath',1155,2,NULL,NULL),(NULL,NULL,'Khajjiar',1156,2,NULL,NULL),(NULL,NULL,'Khajuraho',1157,2,NULL,NULL),(NULL,NULL,'Khandala',1158,2,NULL,NULL),(NULL,NULL,'Khimsar',1159,2,NULL,NULL),(NULL,NULL,'Khejarla',1160,2,NULL,NULL),(NULL,NULL,'Kodaikanal',1161,2,NULL,NULL),(NULL,NULL,'Kohima',1162,2,NULL,NULL),(NULL,NULL,'Kolhapur',1163,2,NULL,NULL),(NULL,NULL,'Kollam',1164,2,NULL,NULL),(NULL,NULL,'Kosi',1165,2,NULL,NULL),(NULL,NULL,'Kota',1166,2,NULL,NULL),(NULL,NULL,'Kottayam',1167,2,NULL,NULL),(NULL,NULL,'Kovalam',1168,2,NULL,NULL),(NULL,NULL,'Kufri',1169,2,NULL,NULL),(NULL,NULL,'Kullu',1170,2,NULL,NULL),(NULL,NULL,'Kumarakom',1171,2,NULL,NULL),(NULL,NULL,'Kumbalgarh',1172,2,NULL,NULL),(NULL,NULL,'Kushinagar',1173,2,NULL,NULL),(NULL,NULL,'Kurnool',1174,2,NULL,NULL),(NULL,NULL,'Lachung',1175,2,NULL,NULL),(NULL,NULL,'Lakshadweep',1176,2,NULL,NULL),(NULL,NULL,'Leh',1177,2,NULL,NULL),(NULL,NULL,'Lonavala',1178,2,NULL,NULL),(NULL,NULL,'Lucknow',1179,2,NULL,NULL),(NULL,NULL,'Ludhiana',1180,2,NULL,NULL),(NULL,NULL,'Madhumalai',1181,2,NULL,NULL),(NULL,NULL,'Madurai',1182,2,NULL,NULL),(NULL,NULL,'Mahabaleshwar',1183,2,NULL,NULL),(NULL,NULL,'Mahalbalipuram',1184,2,NULL,NULL),(NULL,NULL,'Mamallapuram',1185,2,NULL,NULL),(NULL,NULL,'Manali',1186,2,NULL,NULL),(NULL,NULL,'Mandawa',1187,2,NULL,NULL),(NULL,NULL,'Mandi',1188,2,NULL,NULL),(NULL,NULL,'Mandu',1189,2,NULL,NULL),(NULL,NULL,'Mandvi',1190,2,NULL,NULL),(NULL,NULL,'Manesar',1191,2,NULL,NULL),(NULL,NULL,'Marchula',1192,2,NULL,NULL),(NULL,NULL,'Mangalore',1193,2,NULL,NULL),(NULL,NULL,'Manvar',1194,2,NULL,NULL),(NULL,NULL,'Mashobra',1195,2,NULL,NULL),(NULL,NULL,'Matheran',1196,2,NULL,NULL),(NULL,NULL,'Mathura',1197,2,NULL,NULL),(NULL,NULL,'Mehsana',1198,2,NULL,NULL),(NULL,NULL,'Mohali',1199,2,NULL,NULL),(NULL,NULL,'Mount Abu',1200,2,NULL,NULL),(NULL,NULL,'Mukteshwar',1201,2,NULL,NULL),(NULL,NULL,'Munnar',1202,2,NULL,NULL),(NULL,NULL,'Murud',1203,2,NULL,NULL),(NULL,NULL,'Mussoorie',1204,2,NULL,NULL),(NULL,NULL,'Mysore',1205,2,NULL,NULL),(NULL,NULL,'Nadukani',1206,2,NULL,NULL),(NULL,NULL,'Nagarhole',1207,2,NULL,NULL),(NULL,NULL,'Nagarjunsagar',1208,2,NULL,NULL),(NULL,NULL,'Nagaur',1209,2,NULL,NULL),(NULL,NULL,'Nainital',1210,2,NULL,NULL),(NULL,NULL,'Nalagarh',1211,2,NULL,NULL),(NULL,NULL,'Nashik',1212,2,NULL,NULL),(NULL,NULL,'Nathdwara',1213,2,NULL,NULL),(NULL,NULL,'Neemrana',1214,2,NULL,NULL),(NULL,NULL,'Ooty',1215,2,NULL,NULL),(NULL,NULL,'Orchha',1216,2,NULL,NULL),(NULL,NULL,'Pachewar',1217,2,NULL,NULL),(NULL,NULL,'Pachmarhi',1218,2,NULL,NULL),(NULL,NULL,'Pahalgam',1219,2,NULL,NULL),(NULL,NULL,'Palakkad',1220,2,NULL,NULL),(NULL,NULL,'Palampur',1221,2,NULL,NULL),(NULL,NULL,'Palanpur',1222,2,NULL,NULL),(NULL,NULL,'Pali',1223,2,NULL,NULL),(NULL,NULL,'Panchgani',1224,2,NULL,NULL),(NULL,NULL,'Panchkula',1225,2,NULL,NULL),(NULL,NULL,'Pangong',1226,2,NULL,NULL),(NULL,NULL,'Panna',1227,2,NULL,NULL),(NULL,NULL,'Paradeep',1228,2,NULL,NULL),(NULL,NULL,'Paragpur',1229,2,NULL,NULL),(NULL,NULL,'Parwanoo',1230,2,NULL,NULL),(NULL,NULL,'Pathankot',1231,2,NULL,NULL),(NULL,NULL,'Patna',1232,2,NULL,NULL),(NULL,NULL,'Patnitop',1233,2,NULL,NULL),(NULL,NULL,'Pelling',1234,2,NULL,NULL),(NULL,NULL,'Pemayangtse',1235,2,NULL,NULL),(NULL,NULL,'Pench',1236,2,NULL,NULL),(NULL,NULL,'Phalodi',1237,2,NULL,NULL),(NULL,NULL,'Pinjore',1238,2,NULL,NULL),(NULL,NULL,'Pondicherry',1239,2,NULL,NULL),(NULL,NULL,'Poovar',1240,2,NULL,NULL),(NULL,NULL,'Porbandar',1241,2,NULL,NULL),(NULL,NULL,'Port Blair',1242,2,NULL,NULL),(NULL,NULL,'Pragpur',1243,2,NULL,NULL),(NULL,NULL,'Puri',1244,2,NULL,NULL),(NULL,NULL,'Pushkar',1245,2,NULL,NULL),(NULL,NULL,'Puttaparthy',1246,2,NULL,NULL),(NULL,NULL,'Raichak',1247,2,NULL,NULL),(NULL,NULL,'Raipur',1248,2,NULL,NULL),(NULL,NULL,'Rajkot',1249,2,NULL,NULL),(NULL,NULL,'Rajsamand',1250,2,NULL,NULL),(NULL,NULL,'Ramgarh',1251,2,NULL,NULL),(NULL,NULL,'Ranakpur',1252,2,NULL,NULL),(NULL,NULL,'Ranchi',1253,2,NULL,NULL),(NULL,NULL,'Ranikhet',1254,2,NULL,NULL),(NULL,NULL,'Ranthambore',1255,2,NULL,NULL),(NULL,NULL,'Rishikesh',1256,2,NULL,NULL),(NULL,NULL,'Roha Raigad',1257,2,NULL,NULL),(NULL,NULL,'Rohet',1258,2,NULL,NULL),(NULL,NULL,'Ropar',1259,2,NULL,NULL),(NULL,NULL,'Rourkela',1260,2,NULL,NULL),(NULL,NULL,'Saputara',1261,2,NULL,NULL),(NULL,NULL,'Sarchu',1262,2,NULL,NULL),(NULL,NULL,'Sardargarh',1263,2,NULL,NULL),(NULL,NULL,'Sariska',1264,2,NULL,NULL),(NULL,NULL,'Sasangir',1265,2,NULL,NULL),(NULL,NULL,'Sawai Madhopur',1266,2,NULL,NULL),(NULL,NULL,'Sawantwadi',1267,2,NULL,NULL),(NULL,NULL,'Secundrabad',1268,2,NULL,NULL),(NULL,NULL,'Shekhawati',1269,2,NULL,NULL),(NULL,NULL,'Shillong',1270,2,NULL,NULL),(NULL,NULL,'Shirdi',1271,2,NULL,NULL),(NULL,NULL,'Siana',1272,2,NULL,NULL),(NULL,NULL,'Siliguri',1273,2,NULL,NULL),(NULL,NULL,'Silvassa',1274,2,NULL,NULL),(NULL,NULL,'Solapur',1275,2,NULL,NULL),(NULL,NULL,'Somnath',1276,2,NULL,NULL),(NULL,NULL,'Sravasti',1277,2,NULL,NULL),(NULL,NULL,'Srinagar',1278,2,NULL,NULL),(NULL,NULL,'Surat',1279,2,NULL,NULL),(NULL,NULL,'Taragarh',1280,2,NULL,NULL),(NULL,NULL,'Tawang',1281,2,NULL,NULL),(NULL,NULL,'Tezpur',1282,2,NULL,NULL),(NULL,NULL,'Thanjavur',1283,2,NULL,NULL),(NULL,NULL,'Thattekkadu',1284,2,NULL,NULL),(NULL,NULL,'Thekkady',1285,2,NULL,NULL),(NULL,NULL,'Thrissur',1286,2,NULL,NULL),(NULL,NULL,'Tiruchirapalli',1287,2,NULL,NULL),(NULL,NULL,'Tirupati',1288,2,NULL,NULL),(NULL,NULL,'Trivandrum',1289,2,NULL,NULL),(NULL,NULL,'Udaipur',1290,2,NULL,NULL),(NULL,NULL,'Udhampur',1291,2,NULL,NULL),(NULL,NULL,'Ujjain',1292,2,NULL,NULL),(NULL,NULL,'Uttarkashi',1293,2,NULL,NULL),(NULL,NULL,'Vadodara',1294,2,NULL,NULL),(NULL,NULL,'Vailankanni',1295,2,NULL,NULL),(NULL,NULL,'Vapi',1296,2,NULL,NULL),(NULL,NULL,'Varanasi',1297,2,NULL,NULL),(NULL,NULL,'Varkala',1298,2,NULL,NULL),(NULL,NULL,'Vellore',1299,2,NULL,NULL),(NULL,NULL,'Vijaywada',1300,2,NULL,NULL),(NULL,NULL,'Visakhapatnam',1301,2,NULL,NULL),(NULL,NULL,'Wayanad',1302,2,NULL,NULL),(NULL,NULL,'Yamunanagar',1303,2,NULL,NULL),(NULL,NULL,'Yamunotri',1304,2,NULL,NULL),(NULL,NULL,'Yercaud',1305,2,NULL,NULL);

/*Table structure for table `country` */

DROP TABLE IF EXISTS `country`;

CREATE TABLE `country` (
  `country_id` bigint(20) NOT NULL AUTO_INCREMENT,
  `country_name` varchar(64) DEFAULT NULL,
  `country_code` varchar(5) DEFAULT NULL,
  `country_info` varchar(255) DEFAULT NULL,
  PRIMARY KEY (`country_id`)
) ENGINE=InnoDB AUTO_INCREMENT=103 DEFAULT CHARSET=utf8;

/*Data for the table `country` */

insert  into `country`(`country_id`,`country_name`,`country_code`,`country_info`) values (1,'Country','','Select Country'),(2,'India','IND','IN'),(3,'USA','USA','USA'),(4,'France','FRA','Fr'),(5,'Bhutan','BHU','BHU'),(6,'nepal','NP','NP'),(7,'Spain','SPA','SPA'),(8,'United Kingdom','UK','UK'),(9,'Japan','JPN','JPN'),(10,'Sweden','SWE','SWE'),(11,'Singapore','SIN','SIN'),(12,'Aruba\r','ABW',NULL),(13,'Albania\r','ALB',NULL),(14,'United Arab Emirates\r','ARE',NULL),(15,'Argentina\r','ARG',NULL),(16,'Armenia\r','ARM',NULL),(17,'Antigua & Barbuda\r','ATG',NULL),(18,'Austria\r','AUS',NULL),(19,'Australia\r','AUT',NULL),(20,'Azerbaijan\r','AZE',NULL),(21,'Belgium\r','BEL',NULL),(22,'Bahrain\r','BHR',NULL),(23,'Bahamas\r','BHS',NULL),(24,'Belarus\r','BLR',NULL),(25,'Bosnia & Herzegovina\r','BOS',NULL),(26,'Brazil\r','BRA',NULL),(27,'Barbados\r','BRB',NULL),(28,'Bulgaria\r','BUL',NULL),(29,'Canada\r','CAN',NULL),(30,'China\r','CHN',NULL),(31,'Croatia\r','CRO',NULL),(32,'Cuba\r','CUB',NULL),(33,'Curacao\r','CUW',NULL),(34,'Cyprus\r','CYP',NULL),(35,'Czech Republic\r','CZE',NULL),(36,'Denmark\r','DEN',NULL),(37,'Egypt\r','EGY',NULL),(38,'Estonia\r','EST',NULL),(39,'Finland\r','FIN',NULL),(41,'Georgia\r','GEO',NULL),(42,'Germany\r','GER',NULL),(43,'Gibraltar\r','GIB',NULL),(44,'Grenada\r','GRD',NULL),(45,'Greece\r','GRE',NULL),(46,'Hong Kong\r','HKG',NULL),(47,'Hungary\r','HUN',NULL),(48,'Iceland\r','ICE',NULL),(49,'Indonesia\r','IDN',NULL),(51,'Ireland\r','IRE',NULL),(52,'Israel\r','ISR',NULL),(53,'Italy\r','ITA',NULL),(54,'Jamaica\r','JAM',NULL),(55,'Jordan\r','JOR',NULL),(57,'Kazakhstan\r','KAZ',NULL),(58,'Cambodia\r','KHM',NULL),(59,'South Korea\r','KOR',NULL),(60,'Latvia\r','LAT',NULL),(61,'Lebanon\r','LBN',NULL),(62,'St Lucia\r','LCA',NULL),(63,'Lithuania\r','LIT',NULL),(64,'Luxembourg\r','LUX',NULL),(65,'Macau\r','MAC',NULL),(66,'Morocco\r','MAR',NULL),(67,'Maldives\r','MDV',NULL),(68,'Mexico\r','MEX',NULL),(69,'Malta\r','MLA',NULL),(70,'Moldova\r','MOL',NULL),(71,'Monaco\r','MON',NULL),(72,'Montenegro\r','MTN',NULL),(73,'Mauritius\r','MUS',NULL),(74,'Malaysia\r','MYS',NULL),(75,'Netherlands\r','NET',NULL),(76,'New Zealand\r','NEZ',NULL),(77,'Norway\r','NOR',NULL),(78,'Oman\r','OMN',NULL),(79,'Poland\r','POL',NULL),(80,'Portugal\r','POR',NULL),(81,'Puerto Rico\r','PRI',NULL),(82,'Qatar\r','QAT',NULL),(83,'Romania\r','ROM',NULL),(84,'Russia\r','RUS',NULL),(85,'Saudi Arabia\r','SAU',NULL),(86,'Serbia\r','SER',NULL),(87,'Singapore\r','SGP',NULL),(88,'Slovakia\r','SLO',NULL),(89,'Slovenia\r','SLV',NULL),(92,'Switzerland\r','SWI',NULL),(93,'Thailand\r','THA',NULL),(94,'Turkey\r','TUR',NULL),(95,'Taiwan\r','TWN',NULL),(97,'Ukraine\r','UKR',NULL),(98,'Uruguay\r','URY',NULL),(100,'Uzbekistan\r','UZB',NULL),(101,'Vietnam\r','VNM',NULL),(102,'South Africa\r','ZAF',NULL);

/*Table structure for table `event_search` */

DROP TABLE IF EXISTS `event_search`;

CREATE TABLE `event_search` (
  `event_search_id` bigint(30) NOT NULL AUTO_INCREMENT,
  `persons` bigint(30) DEFAULT NULL,
  `budget` bigint(30) DEFAULT NULL,
  `event_type_id` bigint(30) DEFAULT NULL,
  `country_id` bigint(30) DEFAULT NULL,
  `city_id` bigint(30) DEFAULT NULL,
  `email_id` varchar(50) DEFAULT NULL,
  `mobile_no` bigint(20) DEFAULT NULL,
  PRIMARY KEY (`event_search_id`),
  KEY `FK_event_type` (`event_type_id`),
  KEY `FK_country` (`country_id`),
  KEY `FK_city` (`city_id`),
  KEY `FK_person` (`persons`),
  KEY `FK_budget` (`budget`),
  CONSTRAINT `FK_budget` FOREIGN KEY (`budget`) REFERENCES `budget` (`budget_id`) ON DELETE CASCADE ON UPDATE CASCADE,
  CONSTRAINT `FK_city` FOREIGN KEY (`city_id`) REFERENCES `city` (`city_id`) ON DELETE CASCADE ON UPDATE CASCADE,
  CONSTRAINT `FK_country` FOREIGN KEY (`country_id`) REFERENCES `country` (`country_id`) ON DELETE CASCADE ON UPDATE CASCADE,
  CONSTRAINT `FK_event_type` FOREIGN KEY (`event_type_id`) REFERENCES `event_type` (`event_type_id`) ON DELETE CASCADE ON UPDATE CASCADE,
  CONSTRAINT `FK_person` FOREIGN KEY (`persons`) REFERENCES `persons` (`person_id`) ON DELETE CASCADE ON UPDATE CASCADE
) ENGINE=InnoDB AUTO_INCREMENT=10 DEFAULT CHARSET=utf8;

/*Data for the table `event_search` */

insert  into `event_search`(`event_search_id`,`persons`,`budget`,`event_type_id`,`country_id`,`city_id`,`email_id`,`mobile_no`) values (9,0,0,0,1,0,'murtazabsil2012@gmail.com',0);

/*Table structure for table `event_type` */

DROP TABLE IF EXISTS `event_type`;

CREATE TABLE `event_type` (
  `event_type_id` bigint(30) NOT NULL AUTO_INCREMENT,
  `event_type_name` varchar(100) NOT NULL,
  PRIMARY KEY (`event_type_id`)
) ENGINE=InnoDB AUTO_INCREMENT=17 DEFAULT CHARSET=utf8;

/*Data for the table `event_type` */

insert  into `event_type`(`event_type_id`,`event_type_name`) values (0,'Event Type'),(1,'PRE-WEDDING CELEBRATIONS'),(2,'ENGAGEMENT'),(3,'WEDDING'),(4,'ANNIVERSARIES'),(5,'DJ, SOUND & LIGHTINGS'),(6,'BIRTHDAYS CELEBRATIONS'),(7,'KITTY PARTIES'),(8,'BACHELOR / HENS PARTIES'),(9,'DECORATIONS'),(10,'HONEY MOON PACKAGES'),(11,'CORPORATE EVENTS'),(12,'BRAND PROMOTIONS'),(13,'FEELINGS SOCIAL THEME PARTIES / CELEBRATIONS'),(14,'FEELINGS SCHOOL, COLLEGES & UNIVERSITIES EVENTS'),(15,'FEELINGS WEDDING DRESSES/ GOWNS'),(16,'OTHERS');

/*Table structure for table `images` */

DROP TABLE IF EXISTS `images`;

CREATE TABLE `images` (
  `image_id` bigint(30) NOT NULL AUTO_INCREMENT,
  `image_name` varchar(100) NOT NULL,
  `image_type` varchar(100) DEFAULT NULL,
  `image_desc` text,
  PRIMARY KEY (`image_id`)
) ENGINE=InnoDB AUTO_INCREMENT=66 DEFAULT CHARSET=utf8;

/*Data for the table `images` */

insert  into `images`(`image_id`,`image_name`,`image_type`,`image_desc`) values (1,'anasayfayazlar_45_602_bg.jpg','gallery',NULL),(2,'\r\nchurch-wedding-decorations-pfesocut.jpg','gallery',NULL),(3,'\r\nDecor.jpg','gallery',NULL),(4,'\r\nDecoraton.jpg','gallery',NULL),(5,'\r\nDSC_0008.jpg','gallery',NULL),(6,'\r\nDSC_0011.jpg','gallery',NULL),(7,'\r\nDSC_0014.jpg','gallery',NULL),(8,'\r\nDSC_0028.jpg','gallery',NULL),(9,'\r\nDSC_0032.jpg','gallery',NULL),(10,'\r\nDSC_0034.jpg','gallery',NULL),(11,'\r\nDSC_0040.jpg','gallery',NULL),(12,'\r\nDSC_0045.jpg','gallery',NULL),(13,'\r\nDSC_0058.jpg','gallery',NULL),(14,'\r\nDSC_0062.jpg','gallery',NULL),(15,'\r\nDSC_0071.jpg','gallery',NULL),(16,'\r\nDSC_0072.jpg','gallery',NULL),(17,'\r\nDSC_0074.jpg','gallery',NULL),(18,'\r\nDSC_0182.jpg','gallery',NULL),(19,'\r\nDSC_0184.jpg','gallery',NULL),(20,'\r\nDSC_0701.jpg','gallery',NULL),(21,'\r\nDSC_6428.jpg','gallery',NULL),(22,'\r\nDSC_6429.jpg','gallery',NULL),(23,'\r\nDSC_6432.jpg','gallery',NULL),(24,'\r\nDSC_6434.jpg','gallery',NULL),(25,'\r\nDSC_6435.jpg','gallery',NULL),(26,'\r\nDSC_6436.jpg','gallery',NULL),(27,'\r\nDSC_6437.jpg','gallery',NULL),(28,'\r\nDSC_6441.jpg','gallery',NULL),(29,'\r\nDSC_6442.jpg','gallery',NULL),(30,'\r\nDSC_6449.jpg','gallery',NULL),(31,'\r\nDSC_6451.jpg','gallery',NULL),(32,'\r\nhanging-wedding-decor-flowers-20.jpg','gallery',NULL),(33,'\r\nhanging-wedding-decor-flowers-31.jpg','gallery',NULL),(34,'\r\nhanging-wedding-decorations-candles--decor-15.jpg','gallery',NULL),(35,'\r\nhanging-wedding-decorations-candles--decor-9.jpg','gallery',NULL),(36,'\r\nHot-Pink-Wedding-Decorations.jpg','gallery',NULL),(37,'\r\nIMG_6463.jpg','gallery',NULL),(38,'\r\nIMG_6465.jpg','gallery',NULL),(39,'\r\nIMG_6467.jpg','gallery',NULL),(40,'\r\nIMG_6469.jpg','gallery',NULL),(41,'\r\nIMG_6470.jpg','gallery',NULL),(42,'\r\nIMG_6471.jpg','gallery',NULL),(43,'\r\nIMG_6472.jpg','gallery',NULL),(44,'\r\nIMG_6474.jpg','gallery',NULL),(45,'\r\nIMG_6475.jpg','gallery',NULL),(46,'\r\nIMG_6476.jpg','gallery',NULL),(47,'\r\nIMG_6478.jpg','gallery',NULL),(48,'\r\nIMG_6479.jpg','gallery',NULL),(49,'\r\nIMG_6481.jpg','gallery',NULL),(50,'\r\nIMG_6483.jpg','gallery',NULL),(51,'\r\nIMG_6484.jpg','gallery',NULL),(52,'\r\nIMG_6488.jpg','gallery',NULL),(53,'\r\nIMG_6490.jpg','gallery',NULL),(54,'\r\nIMG_6491.jpg','gallery',NULL),(55,'\r\nIMG_6493.jpg','gallery',NULL),(56,'\r\nIMG_6496.jpg','gallery',NULL),(57,'\r\nIMG_6498.jpg','gallery',NULL),(58,'\r\nindian-wedding-decorations-houston-indian-wedding-decorations-houston-photos.jpg','gallery',NULL),(59,'\r\nModern-Wedding-Decorations-starlight.jpg','gallery',NULL),(60,'\r\nPink-Wedding-Decoration-Ideas.jpg','gallery',NULL),(61,'\r\nsan antonio weddings flowers decor.jpg','gallery',NULL),(62,'\r\nSelect-the-perfect-wedding-table-decorations-with-the-theme-of-your-wedding.jpg','gallery',NULL),(63,'\r\nwedding-buffet-table-decorations-hanging-love-balloons.jpg','gallery',NULL),(64,'\r\nwedding-decor-hanging-flowers-purple-6.jpg','gallery',NULL),(65,'\r\nwedding-flower-ideas-for-january-345.jpg','gallery',NULL);

/*Table structure for table `persons` */

DROP TABLE IF EXISTS `persons`;

CREATE TABLE `persons` (
  `person_id` bigint(30) NOT NULL AUTO_INCREMENT,
  `persons_amt` varchar(30) NOT NULL,
  PRIMARY KEY (`person_id`)
) ENGINE=InnoDB AUTO_INCREMENT=3 DEFAULT CHARSET=utf8;

/*Data for the table `persons` */

insert  into `persons`(`person_id`,`persons_amt`) values (0,'Persons'),(1,'1'),(2,'2');

/*Table structure for table `visitors` */

DROP TABLE IF EXISTS `visitors`;

CREATE TABLE `visitors` (
  `visitor_id` bigint(30) NOT NULL AUTO_INCREMENT,
  `ip_address` varchar(40) DEFAULT NULL,
  `hits` int(8) DEFAULT NULL,
  `session_id` varchar(30) DEFAULT NULL,
  PRIMARY KEY (`visitor_id`)
) ENGINE=InnoDB AUTO_INCREMENT=2 DEFAULT CHARSET=utf8;

/*Data for the table `visitors` */

insert  into `visitors`(`visitor_id`,`ip_address`,`hits`,`session_id`) values (1,'::1',1,'532d005b159b0');

/*!40101 SET SQL_MODE=@OLD_SQL_MODE */;
/*!40014 SET FOREIGN_KEY_CHECKS=@OLD_FOREIGN_KEY_CHECKS */;
/*!40014 SET UNIQUE_CHECKS=@OLD_UNIQUE_CHECKS */;
/*!40111 SET SQL_NOTES=@OLD_SQL_NOTES */;
